,immune_id,tumor_id,score
0,12,28,0.23809523809523792
1,25,44,0.1428571428571428
2,28,31,0.33333333333333315
3,60,68,0.40476190476190466
4,73,95,0.738095238095238
5,78,154,0.47619047619047605
6,81,140,1.0476190476190477
7,83,62,0.26190476190476186
8,84,75,0.45238095238095233
9,85,170,0.6904761904761905
10,90,65,0.6666666666666665
11,94,101,0.3571428571428571
12,97,84,0.47619047619047605
13,100,78,0.4999999999999999
14,103,89,0.5952380952380951
15,105,126,0.5952380952380951
16,110,66,0.3095238095238094
17,111,86,0.4285714285714285
18,112,92,0.45238095238095233
19,115,179,0.33333333333333315
20,119,134,0.6428571428571428
21,122,187,0.38095238095238093
22,125,82,0.19047619047619035
23,127,103,0.2142857142857142
24,131,182,0.04761904761904756
25,132,94,0.19047619047619035
26,136,99,0.5238095238095237
27,137,224,0.16666666666666652
28,138,263,0.3095238095238094
29,139,242,0.09523809523809523
30,140,124,0.16666666666666652
31,142,128,0.40476190476190466
32,143,304,0.619047619047619
33,145,174,0.3095238095238094
34,146,193,0.11904761904761896
35,148,241,0.09523809523809523
36,149,331,0.26190476190476186
37,150,142,0.16666666666666652
38,152,234,0.45238095238095233
39,153,129,0.5238095238095237
40,159,354,0.33333333333333315
41,161,188,0.47619047619047605
42,165,279,0.4999999999999999
43,166,201,0.33333333333333315
44,167,183,0.3571428571428571
45,169,156,0.16666666666666652
46,171,136,0.2142857142857142
47,173,122,0.26190476190476186
48,176,325,0.2857142857142856
49,177,206,0.023809523809523725
50,178,191,0.26190476190476186
51,180,169,0.11904761904761896
52,181,324,0.8095238095238095
53,183,311,0.4285714285714285
54,184,262,0.47619047619047605
55,188,137,0.47619047619047605
56,192,350,0.47619047619047605
57,194,299,0.16666666666666652
58,195,240,0.19047619047619035
59,197,204,0.40476190476190466
60,198,83,0.5476190476190477
61,199,160,0.47619047619047605
62,200,363,0.2142857142857142
63,201,181,0.2142857142857142
64,203,254,0.1428571428571428
65,204,88,0.6428571428571428
66,207,184,0.07142857142857129
67,208,153,0.5238095238095237
68,209,200,0.16666666666666652
69,210,380,0.16666666666666652
70,212,111,0.1428571428571428
71,215,157,0.2857142857142856
72,217,278,0.2142857142857142
73,218,171,0.2142857142857142
74,219,322,0.4285714285714285
75,221,162,0.16666666666666652
76,222,164,0.26190476190476186
77,223,155,0.7619047619047619
78,225,265,0.5952380952380951
79,226,246,0.26190476190476186
80,227,125,0.19047619047619035
81,229,192,0.6428571428571428
82,231,223,0.23809523809523792
83,232,133,0.5476190476190477
84,233,178,0.26190476190476186
85,234,207,0.33333333333333315
86,236,270,0.023809523809523725
87,237,194,0.23809523809523792
88,238,150,0.2857142857142856
89,239,100,0.23809523809523792
90,242,333,0.2857142857142856
91,245,317,0.3095238095238094
92,246,376,0.33333333333333315
93,251,243,0.40476190476190466
94,252,351,0.33333333333333315
95,253,307,0.19047619047619035
96,256,198,0.23809523809523792
97,257,397,0.40476190476190466
98,258,309,0.5238095238095237
99,260,96,0.5476190476190477
100,261,175,0.3095238095238094
101,262,328,0.09523809523809523
102,263,372,0.23809523809523792
103,264,400,0.11904761904761896
104,265,416,0.23809523809523792
105,267,127,0.04761904761904756
106,268,283,0.023809523809523725
107,269,216,0.11904761904761896
108,270,176,0.26190476190476186
109,271,259,0.45238095238095233
110,273,438,0.16666666666666652
111,276,415,0.47619047619047605
112,277,285,0.3095238095238094
113,278,232,0.16666666666666652
114,280,448,0.1428571428571428
115,284,247,0.16666666666666652
116,285,476,0.3095238095238094
117,286,377,0.5476190476190477
118,287,277,0.07142857142857129
119,288,404,0.45238095238095233
120,290,432,0.38095238095238093
121,295,447,0.26190476190476186
122,297,237,0.23809523809523792
123,298,303,0.3095238095238094
124,299,257,0.19047619047619035
125,301,358,0.07142857142857129
126,302,231,0.16666666666666652
127,304,315,0.40476190476190466
128,305,356,0.4285714285714285
129,306,334,0.04761904761904756
130,308,313,0.5238095238095237
131,309,341,0.5714285714285714
132,310,382,0.23809523809523792
133,311,425,0.40476190476190466
134,315,258,0.33333333333333315
135,316,310,0.19047619047619035
136,317,482,0.07142857142857129
137,318,167,0.47619047619047605
138,320,131,0.2857142857142856
139,321,414,0.11904761904761896
140,324,520,0.09523809523809523
141,325,521,0.2857142857142856
142,328,475,0.19047619047619035
143,329,417,0.023809523809523725
144,331,471,0.38095238095238093
145,332,316,0.3095238095238094
146,333,440,0.19047619047619035
147,335,524,0.2142857142857142
148,336,410,0.023809523809523725
149,337,518,0.04761904761904756
150,338,203,0.2857142857142856
151,342,344,0.07142857142857129
152,343,525,0.619047619047619
153,345,413,0.38095238095238093
154,346,238,0.07142857142857129
155,347,408,0.11904761904761896
156,349,387,0.40476190476190466
157,352,436,0.07142857142857129
158,353,222,0.4999999999999999
159,357,290,0.40476190476190466
160,358,570,0.16666666666666652
161,361,287,0.09523809523809523
162,362,146,0.16666666666666652
163,363,250,0.4285714285714285
164,366,507,0.19047619047619035
165,367,446,0.40476190476190466
166,368,439,0.38095238095238093
167,369,484,0.40476190476190466
168,370,152,0.5238095238095237
169,371,360,0.619047619047619
170,372,516,0.26190476190476186
171,373,282,0.16666666666666652
172,374,308,0.4285714285714285
173,375,529,0.07142857142857129
174,379,430,0.2142857142857142
175,383,455,0.3095238095238094
176,384,515,0.2142857142857142
177,386,323,0.04761904761904756
178,387,592,0.09523809523809523
179,389,383,0.19047619047619035
180,390,236,0.4285714285714285
181,391,497,0.23809523809523792
182,392,453,0.1428571428571428
183,393,217,0.47619047619047605
184,396,233,0.19047619047619035
185,398,534,0.23809523809523792
186,401,401,0.619047619047619
187,402,399,0.19047619047619035
188,410,526,0.11904761904761896
189,411,390,0.33333333333333315
190,412,429,0.09523809523809523
191,413,578,0.09523809523809523
192,414,428,0.023809523809523725
193,418,638,0.1428571428571428
194,422,614,0.11904761904761896
195,423,366,0.45238095238095233
196,424,368,0.7857142857142857
197,426,362,0.11904761904761896
198,427,486,0.1428571428571428
199,429,434,0.2142857142857142
200,430,555,0.09523809523809523
201,431,389,0.23809523809523792
202,432,522,0.23809523809523792
203,434,403,0.23809523809523792
204,436,411,0.3095238095238094
205,437,679,0.1428571428571428
206,438,327,0.16666666666666652
207,440,588,0.3095238095238094
208,441,405,0.09523809523809523
209,443,370,0.1428571428571428
210,446,330,0.1428571428571428
211,447,284,0.8571428571428571
212,448,498,0.16666666666666652
213,450,457,0.04761904761904756
214,453,487,0.33333333333333315
215,456,652,0.1428571428571428
216,457,506,0.38095238095238093
217,458,536,0.2142857142857142
218,461,395,0.26190476190476186
219,463,711,0.33333333333333315
220,464,347,0.38095238095238093
221,465,349,0.023809523809523725
222,473,427,0.2142857142857142
223,474,538,0.2142857142857142
224,475,496,0.2857142857142856
225,476,364,0.023809523809523725
226,479,288,0.3571428571428571
227,481,674,0.11904761904761896
228,482,667,0.11904761904761896
229,483,465,0.07142857142857129
230,484,493,0.16666666666666652
231,486,612,0.04761904761904756
232,487,540,0.38095238095238093
233,488,543,0.11904761904761896
234,489,422,0.1428571428571428
235,491,660,0.23809523809523792
236,494,314,0.04761904761904756
237,495,509,0.33333333333333315
238,497,547,0.1428571428571428
239,498,541,0.16666666666666652
240,499,462,0.26190476190476186
241,500,393,0.3095238095238094
242,501,353,0.1428571428571428
243,502,528,0.04761904761904756
244,503,499,0.26190476190476186
245,504,510,0.23809523809523792
246,505,730,0.07142857142857129
247,507,609,0.26190476190476186
248,508,659,0.19047619047619035
249,509,394,0.19047619047619035
250,510,681,0.16666666666666652
251,511,756,0.2857142857142856
252,512,554,0.2142857142857142
253,514,573,0.2142857142857142
254,515,489,0.1428571428571428
255,517,622,0.23809523809523792
256,518,743,0.19047619047619035
257,519,649,0.07142857142857129
258,521,470,0.09523809523809523
259,522,562,0.023809523809523725
260,523,483,0.04761904761904756
261,525,519,0.11904761904761896
262,528,531,0.3571428571428571
263,529,704,0.1428571428571428
264,530,608,0.33333333333333315
265,533,737,0.19047619047619035
266,535,629,0.07142857142857129
267,537,561,0.11904761904761896
268,538,581,0.47619047619047605
269,539,546,0.5238095238095237
270,540,527,0.19047619047619035
271,542,738,0.3571428571428571
272,543,626,0.16666666666666652
273,546,662,0.07142857142857129
274,548,572,0.09523809523809523
275,549,605,0.09523809523809523
276,550,773,0.16666666666666652
277,552,477,0.26190476190476186
278,553,703,0.33333333333333315
279,554,621,0.738095238095238
280,557,666,0.23809523809523792
281,558,580,0.3095238095238094
282,559,500,0.07142857142857129
283,560,644,0.11904761904761896
284,561,567,0.5238095238095237
285,562,479,0.07142857142857129
286,569,726,0.023809523809523725
287,570,635,0.09523809523809523
288,571,727,0.38095238095238093
289,573,800,0.19047619047619035
290,574,778,0.4999999999999999
291,575,491,0.38095238095238093
292,576,620,0.04761904761904756
293,577,632,0.023809523809523725
294,578,600,0.6904761904761905
295,579,783,0.2857142857142856
296,582,625,0.09523809523809523
297,583,826,0.16666666666666652
298,584,563,0.3571428571428571
299,585,799,0.45238095238095233
300,586,602,0.04761904761904756
301,587,523,0.6666666666666665
302,589,716,0.33333333333333315
303,591,481,0.5952380952380951
304,593,825,0.09523809523809523
305,595,490,0.04761904761904756
306,596,786,0.11904761904761896
307,597,604,0.16666666666666652
308,599,718,0.26190476190476186
309,600,485,0.2142857142857142
310,601,700,0.5476190476190477
311,603,688,0.45238095238095233
312,604,586,0.07142857142857129
313,605,569,0.023809523809523725
314,607,728,0.1428571428571428
315,608,636,0.09523809523809523
316,609,819,0.619047619047619
317,611,753,0.19047619047619035
318,614,782,0.3095238095238094
319,615,571,0.09523809523809523
320,616,574,0.19047619047619035
321,618,741,0.2857142857142856
322,619,480,0.04761904761904756
323,621,643,0.023809523809523725
324,622,650,0.16666666666666652
325,628,759,0.07142857142857129
326,630,672,0.04761904761904756
327,631,695,0.09523809523809523
328,632,603,0.19047619047619035
329,634,813,0.4285714285714285
330,636,461,0.3571428571428571
331,638,747,0.16666666666666652
332,639,833,0.33333333333333315
333,640,593,0.19047619047619035
334,641,714,0.07142857142857129
335,643,798,0.33333333333333315
336,645,634,0.2857142857142856
337,647,542,0.3571428571428571
338,648,761,0.2857142857142856
339,649,866,0.2142857142857142
340,650,796,0.38095238095238093
341,651,669,0.1428571428571428
342,652,535,0.16666666666666652
343,653,575,0.09523809523809523
344,655,750,0.09523809523809523
345,656,474,0.07142857142857129
346,657,817,0.023809523809523725
347,658,733,0.3571428571428571
348,661,683,0.4285714285714285
349,664,769,0.1428571428571428
350,665,596,0.23809523809523792
351,666,646,0.07142857142857129
352,667,698,0.16666666666666652
353,668,816,0.04761904761904756
354,669,821,0.3095238095238094
355,670,765,0.16666666666666652
356,671,793,0.04761904761904756
357,672,829,0.16666666666666652
358,673,640,0.09523809523809523
359,676,565,0.19047619047619035
360,679,879,0.09523809523809523
361,680,854,0.19047619047619035
362,681,840,0.5714285714285714
363,683,906,0.11904761904761896
364,684,642,0.5714285714285714
365,685,784,0.11904761904761896
366,687,870,0.0
367,689,861,0.16666666666666652
368,690,842,0.2857142857142856
369,691,811,0.023809523809523725
370,693,615,0.04761904761904756
371,694,584,0.09523809523809523
372,695,955,0.07142857142857129
373,697,648,0.0
374,698,720,0.38095238095238093
375,699,815,0.11904761904761896
376,700,619,0.4999999999999999
377,706,715,0.11904761904761896
378,708,731,0.2142857142857142
379,709,594,0.2142857142857142
380,710,740,0.023809523809523725
381,713,735,0.11904761904761896
382,714,734,0.19047619047619035
383,716,882,0.19047619047619035
384,718,763,0.1428571428571428
385,720,846,0.11904761904761896
386,722,746,0.04761904761904756
387,725,713,0.2857142857142856
388,726,856,0.023809523809523725
389,728,803,0.023809523809523725
390,729,671,0.1428571428571428
391,732,831,0.04761904761904756
392,733,832,0.07142857142857129
393,735,896,0.47619047619047605
394,742,836,0.11904761904761896
395,743,864,0.023809523809523725
396,744,661,0.16666666666666652
397,745,673,0.16666666666666652
398,746,791,0.09523809523809523
399,747,749,0.19047619047619035
400,749,692,0.09523809523809523
401,751,858,0.07142857142857129
402,753,981,0.3095238095238094
403,754,729,0.16666666666666652
404,757,810,0.023809523809523725
405,758,766,0.40476190476190466
406,759,838,0.33333333333333315
407,760,694,0.1428571428571428
408,761,653,0.19047619047619035
409,763,684,0.09523809523809523
410,764,678,0.09523809523809523
411,765,898,0.33333333333333315
412,766,788,0.3571428571428571
413,767,814,0.26190476190476186
414,775,616,0.04761904761904756
415,777,868,0.19047619047619035
416,778,940,0.1428571428571428
417,780,857,0.1428571428571428
418,782,772,0.1428571428571428
419,786,843,0.09523809523809523
420,788,785,0.1428571428571428
421,789,709,0.1428571428571428
422,792,885,0.3095238095238094
423,793,687,0.07142857142857129
424,796,835,0.09523809523809523
425,798,851,0.1428571428571428
426,799,744,0.04761904761904756
427,800,790,0.3095238095238094
428,801,949,0.04761904761904756
429,802,867,0.07142857142857129
430,803,841,0.07142857142857129
431,804,860,0.09523809523809523
432,805,760,0.26190476190476186
433,806,859,0.2857142857142856
434,807,865,0.1428571428571428
435,808,725,0.07142857142857129
436,809,878,0.07142857142857129
437,810,657,0.26190476190476186
438,812,1009,0.23809523809523792
439,813,809,0.5714285714285714
440,816,717,0.19047619047619035
441,817,880,0.09523809523809523
442,818,904,0.16666666666666652
443,819,1023,0.4285714285714285
444,820,1074,0.1428571428571428
445,822,895,0.09523809523809523
446,823,675,0.16666666666666652
447,824,767,0.38095238095238093
448,825,975,0.19047619047619035
449,826,1032,0.09523809523809523
450,829,897,0.33333333333333315
451,830,892,0.04761904761904756
452,831,794,0.26190476190476186
453,832,1028,0.2142857142857142
454,834,952,0.2857142857142856
455,835,876,0.09523809523809523
456,836,781,0.2857142857142856
457,837,884,0.09523809523809523
458,838,4525,0.26190476190476186
459,840,708,0.19047619047619035
460,841,1086,0.09523809523809523
461,844,818,0.19047619047619035
462,845,1019,0.07142857142857129
463,846,820,0.40476190476190466
464,847,751,0.40476190476190466
465,848,845,0.023809523809523725
466,849,937,0.07142857142857129
467,850,927,0.2857142857142856
468,851,974,0.3095238095238094
469,852,950,0.4285714285714285
470,854,915,0.16666666666666652
471,855,1111,0.2142857142857142
472,856,1024,0.6666666666666665
473,859,812,0.19047619047619035
474,860,1049,0.38095238095238093
475,864,1027,0.40476190476190466
476,865,929,0.11904761904761896
477,866,1041,0.16666666666666652
478,869,976,0.1428571428571428
479,870,932,0.33333333333333315
480,871,963,0.3095238095238094
481,872,888,0.19047619047619035
482,873,1010,0.3571428571428571
483,874,722,0.2857142857142856
484,877,1005,0.16666666666666652
485,878,958,0.2857142857142856
486,881,1007,0.09523809523809523
487,885,736,0.26190476190476186
488,886,855,0.09523809523809523
489,889,900,0.09523809523809523
490,891,1152,0.26190476190476186
491,892,862,0.1428571428571428
492,893,1013,0.23809523809523792
493,894,1083,0.07142857142857129
494,896,977,0.023809523809523725
495,898,934,0.23809523809523792
496,899,872,0.19047619047619035
497,900,874,0.4285714285714285
498,903,1143,0.09523809523809523
499,904,1194,0.2857142857142856
500,905,991,0.1428571428571428
501,907,1085,0.09523809523809523
502,909,771,0.11904761904761896
503,910,1205,0.04761904761904756
504,913,754,0.45238095238095233
505,914,1099,0.26190476190476186
506,916,1146,0.09523809523809523
507,922,1046,0.23809523809523792
508,925,999,0.09523809523809523
509,926,883,0.1428571428571428
510,927,1053,0.16666666666666652
511,929,941,0.4285714285714285
512,934,780,0.23809523809523792
513,935,1073,0.2142857142857142
514,937,1075,0.09523809523809523
515,939,891,0.09523809523809523
516,940,907,0.1428571428571428
517,941,1214,0.11904761904761896
518,944,1123,0.2142857142857142
519,946,804,0.2142857142857142
520,947,972,0.11904761904761896
521,948,920,0.2142857142857142
522,951,1278,0.09523809523809523
523,952,807,0.40476190476190466
524,953,936,0.4285714285714285
525,954,1101,0.19047619047619035
526,955,1212,0.09523809523809523
527,956,1206,0.11904761904761896
528,958,1275,0.2142857142857142
529,960,918,0.23809523809523792
530,961,901,0.16666666666666652
531,964,1160,0.19047619047619035
532,965,1161,0.5238095238095237
533,968,873,0.2857142857142856
534,971,953,0.07142857142857129
535,973,1095,0.07142857142857129
536,976,1056,0.04761904761904756
537,977,1268,0.023809523809523725
538,978,1148,0.2857142857142856
539,979,1219,0.33333333333333315
540,981,923,0.07142857142857129
541,983,933,0.4999999999999999
542,984,978,0.1428571428571428
543,985,1091,0.40476190476190466
544,986,1062,0.19047619047619035
545,987,1089,0.5476190476190477
546,988,853,0.09523809523809523
547,990,1087,0.19047619047619035
548,991,1154,0.023809523809523725
549,992,1263,0.023809523809523725
550,993,837,0.40476190476190466
551,994,944,0.45238095238095233
552,997,1042,0.16666666666666652
553,998,1339,0.23809523809523792
554,999,1098,0.23809523809523792
555,1000,969,0.23809523809523792
556,1001,1232,0.11904761904761896
557,1002,805,0.04761904761904756
558,1003,928,0.023809523809523725
559,1005,964,0.3095238095238094
560,1006,1031,0.1428571428571428
561,1009,1004,0.07142857142857129
562,1010,1166,0.07142857142857129
563,1011,1137,0.07142857142857129
564,1013,877,0.07142857142857129
565,1014,1090,0.2142857142857142
566,1015,1153,0.023809523809523725
567,1016,1080,0.023809523809523725
568,1019,1178,0.04761904761904756
569,1021,1097,0.23809523809523792
570,1023,1191,0.23809523809523792
571,1025,1045,0.07142857142857129
572,1027,1125,0.09523809523809523
573,1028,935,0.04761904761904756
574,1029,1021,0.09523809523809523
575,1030,985,0.16666666666666652
576,1031,1059,0.2857142857142856
577,1032,998,0.23809523809523792
578,1033,1159,0.23809523809523792
579,1035,1144,0.2142857142857142
580,1036,1072,0.5476190476190477
581,1037,1246,0.16666666666666652
582,1038,1060,0.33333333333333315
583,1039,1174,0.1428571428571428
584,1040,1237,0.11904761904761896
585,1041,1165,0.11904761904761896
586,1042,899,0.11904761904761896
587,1043,931,0.23809523809523792
588,1044,1168,0.3095238095238094
589,1045,912,0.11904761904761896
590,1046,1177,0.3571428571428571
591,1049,1109,0.2857142857142856
592,1050,1213,0.04761904761904756
593,1051,1079,0.5476190476190477
594,1054,1104,0.23809523809523792
595,1056,1207,0.2857142857142856
596,1057,1081,0.04761904761904756
597,1058,894,0.11904761904761896
598,1061,1076,0.07142857142857129
599,1063,1167,0.11904761904761896
600,1066,1403,0.09523809523809523
601,1068,1016,0.19047619047619035
602,1069,924,0.33333333333333315
603,1070,1405,0.45238095238095233
604,1072,916,0.04761904761904756
605,1073,1033,0.19047619047619035
606,1074,914,0.33333333333333315
607,1079,1065,0.11904761904761896
608,1081,881,0.04761904761904756
609,1083,1078,0.11904761904761896
610,1084,1196,0.19047619047619035
611,1085,1127,0.19047619047619035
612,1086,1373,0.19047619047619035
613,1087,1040,0.11904761904761896
614,1088,1038,0.04761904761904756
615,1089,1141,0.023809523809523725
616,1091,1331,0.11904761904761896
617,1092,1156,0.04761904761904756
618,1094,1135,0.23809523809523792
619,1096,1180,0.1428571428571428
620,1097,982,0.07142857142857129
621,1098,1185,0.023809523809523725
622,1100,909,0.1428571428571428
623,1101,1202,0.11904761904761896
624,1103,1129,0.2142857142857142
625,1104,1398,0.023809523809523725
626,1105,1358,0.2142857142857142
627,1106,1283,0.11904761904761896
628,1108,1093,0.04761904761904756
629,1110,1012,0.3571428571428571
630,1111,1066,0.16666666666666652
631,1113,1110,0.2857142857142856
632,1116,1348,0.2142857142857142
633,1117,1008,0.07142857142857129
634,1118,1382,0.09523809523809523
635,1119,1411,0.04761904761904756
636,1120,957,0.6904761904761905
637,1122,1320,0.07142857142857129
638,1123,1335,0.7142857142857142
639,1125,994,0.26190476190476186
640,1127,1172,0.07142857142857129
641,1128,1379,0.09523809523809523
642,1130,902,0.07142857142857129
643,1133,1345,0.16666666666666652
644,1134,1224,0.23809523809523792
645,1135,1088,0.23809523809523792
646,1137,1025,0.26190476190476186
647,1138,1490,0.09523809523809523
648,1139,1291,0.3571428571428571
649,1140,1163,0.19047619047619035
650,1141,1164,0.09523809523809523
651,1142,1039,0.2142857142857142
652,1143,1359,0.1428571428571428
653,1144,1106,0.619047619047619
654,1145,1201,0.38095238095238093
655,1146,1445,0.23809523809523792
656,1147,948,0.23809523809523792
657,1148,1432,0.04761904761904756
658,1150,1433,0.23809523809523792
659,1151,1108,0.3095238095238094
660,1152,995,0.3095238095238094
661,1153,1306,0.19047619047619035
662,1154,1254,0.16666666666666652
663,1158,1400,0.1428571428571428
664,1160,1006,0.19047619047619035
665,1161,984,0.619047619047619
666,1162,947,0.09523809523809523
667,1163,1133,0.11904761904761896
668,1164,965,0.1428571428571428
669,1168,1115,0.11904761904761896
670,1169,1113,0.3095238095238094
671,1170,1112,0.2142857142857142
672,1171,1071,0.11904761904761896
673,1173,1069,0.16666666666666652
674,1174,1366,0.26190476190476186
675,1175,1000,0.38095238095238093
676,1176,1182,0.023809523809523725
677,1177,1048,0.4285714285714285
678,1178,1018,0.04761904761904756
679,1179,1134,0.07142857142857129
680,1180,1130,0.19047619047619035
681,1181,1420,0.23809523809523792
682,1182,1421,0.45238095238095233
683,1185,1084,0.07142857142857129
684,1186,1169,0.19047619047619035
685,1187,1318,0.2857142857142856
686,1190,1301,0.2857142857142856
687,1191,1136,0.5476190476190477
688,1192,1147,0.1428571428571428
689,1193,1162,0.07142857142857129
690,1194,1519,0.04761904761904756
691,1195,1105,0.33333333333333315
692,1197,1513,0.1428571428571428
693,1199,1281,0.2857142857142856
694,1201,1303,0.04761904761904756
695,1202,1314,0.09523809523809523
696,1204,1353,0.16666666666666652
697,1209,1190,0.3095238095238094
698,1210,1336,0.4285714285714285
699,1211,1327,0.1428571428571428
700,1212,1401,0.19047619047619035
701,1213,1122,0.33333333333333315
702,1216,1094,0.16666666666666652
703,1217,1157,0.23809523809523792
704,1218,1357,0.45238095238095233
705,1220,1365,0.19047619047619035
706,1221,1193,0.09523809523809523
707,1222,1184,0.40476190476190466
708,1223,1236,0.1428571428571428
709,1224,1096,0.3095238095238094
710,1227,1495,0.11904761904761896
711,1228,1287,0.2857142857142856
712,1230,1226,0.38095238095238093
713,1231,1312,0.09523809523809523
714,1232,1261,0.33333333333333315
715,1235,1054,0.09523809523809523
716,1238,1311,0.19047619047619035
717,1239,1035,0.19047619047619035
718,1240,1611,0.07142857142857129
719,1244,1030,0.07142857142857129
720,1245,1280,0.09523809523809523
721,1246,1248,0.04761904761904756
722,1247,1288,0.023809523809523725
723,1248,1371,0.09523809523809523
724,1249,1458,0.47619047619047605
725,1250,1183,0.3095238095238094
726,1253,1486,0.19047619047619035
727,1254,1051,0.38095238095238093
728,1255,1020,0.04761904761904756
729,1256,1543,0.19047619047619035
730,1258,1063,0.023809523809523725
731,1259,1276,0.11904761904761896
732,1260,1225,0.19047619047619035
733,1261,1496,0.33333333333333315
734,1262,990,0.09523809523809523
735,1263,1050,0.09523809523809523
736,1264,1114,0.23809523809523792
737,1265,1438,0.11904761904761896
738,1266,1251,0.45238095238095233
739,1271,1492,0.16666666666666652
740,1273,1262,0.4999999999999999
741,1274,1603,0.4999999999999999
742,1276,1221,0.3571428571428571
743,1277,1517,0.38095238095238093
744,1278,1222,0.2857142857142856
745,1279,1241,0.1428571428571428
746,1281,1269,0.38095238095238093
747,1282,1036,0.16666666666666652
748,1284,1289,0.19047619047619035
749,1285,1356,0.23809523809523792
750,1286,1292,0.07142857142857129
751,1288,1082,0.09523809523809523
752,1290,1397,0.11904761904761896
753,1292,1453,0.3095238095238094
754,1293,1119,0.07142857142857129
755,1294,1142,0.2142857142857142
756,1296,1120,0.619047619047619
757,1297,1128,0.11904761904761896
758,1298,1264,0.023809523809523725
759,1299,1304,0.07142857142857129
760,1300,1253,0.1428571428571428
761,1301,1632,0.09523809523809523
762,1304,1670,0.11904761904761896
763,1305,1440,0.04761904761904756
764,1306,1370,0.2857142857142856
765,1307,1343,0.09523809523809523
766,1308,1635,0.023809523809523725
767,1310,1362,0.4285714285714285
768,1311,1270,0.16666666666666652
769,1314,1200,0.6428571428571428
770,1315,1315,0.16666666666666652
771,1316,1259,0.1428571428571428
772,1317,1395,0.023809523809523725
773,1318,1575,0.04761904761904756
774,1319,1464,0.07142857142857129
775,1322,1322,0.023809523809523725
776,1323,1636,0.09523809523809523
777,1324,1378,0.09523809523809523
778,1326,1532,0.23809523809523792
779,1328,1484,0.47619047619047605
780,1333,1448,0.1428571428571428
781,1334,1572,0.47619047619047605
782,1335,1186,0.04761904761904756
783,1336,1693,0.3095238095238094
784,1337,1439,0.19047619047619035
785,1339,1131,0.1428571428571428
786,1340,1391,0.2857142857142856
787,1341,1389,0.1428571428571428
788,1344,1352,0.023809523809523725
789,1346,1363,0.09523809523809523
790,1349,1158,0.16666666666666652
791,1350,1387,0.1428571428571428
792,1351,1179,0.3095238095238094
793,1352,1267,0.07142857142857129
794,1353,1512,0.2142857142857142
795,1356,1210,0.2142857142857142
796,1359,1447,0.23809523809523792
797,1360,1516,0.2857142857142856
798,1362,1557,0.11904761904761896
799,1365,1450,0.3095238095238094
800,1366,1215,0.04761904761904756
801,1368,1650,0.023809523809523725
802,1369,1247,0.11904761904761896
803,1371,1616,0.19047619047619035
804,1372,1244,0.19047619047619035
805,1373,1625,0.11904761904761896
806,1374,1534,0.11904761904761896
807,1376,1216,0.26190476190476186
808,1378,1245,0.40476190476190466
809,1379,1502,0.26190476190476186
810,1381,1341,0.2142857142857142
811,1382,1535,0.0
812,1385,1240,0.023809523809523725
813,1386,1385,0.11904761904761896
814,1388,1415,0.1428571428571428
815,1390,1725,0.23809523809523792
816,1391,1309,0.45238095238095233
817,1392,1376,0.09523809523809523
818,1394,1317,0.09523809523809523
819,1395,1257,0.3095238095238094
820,1396,1680,0.2142857142857142
821,1397,1582,0.1428571428571428
822,1398,1547,0.023809523809523725
823,1399,1529,0.23809523809523792
824,1401,1640,0.07142857142857129
825,1402,1686,0.2142857142857142
826,1404,1271,0.26190476190476186
827,1406,1274,0.023809523809523725
828,1407,1416,0.16666666666666652
829,1409,1369,0.1428571428571428
830,1413,1284,0.5952380952380951
831,1414,1465,0.0
832,1415,1461,0.23809523809523792
833,1416,1522,0.2142857142857142
834,1419,1342,0.04761904761904756
835,1421,1678,0.023809523809523725
836,1422,1526,0.11904761904761896
837,1424,1399,0.09523809523809523
838,1425,1503,0.1428571428571428
839,1426,1351,0.1428571428571428
840,1429,1696,0.23809523809523792
841,1431,1527,0.11904761904761896
842,1434,1431,0.23809523809523792
843,1435,1593,0.19047619047619035
844,1437,1511,0.16666666666666652
845,1440,1478,0.09523809523809523
846,1441,1574,0.09523809523809523
847,1442,1568,0.2857142857142856
848,1446,1715,0.09523809523809523
849,1448,1811,0.16666666666666652
850,1450,1536,0.09523809523809523
851,1451,1638,0.3095238095238094
852,1452,1418,0.023809523809523725
853,1455,1701,0.1428571428571428
854,1457,1577,0.33333333333333315
855,1458,1485,0.26190476190476186
856,1459,1541,0.11904761904761896
857,1461,1435,0.16666666666666652
858,1462,1544,0.07142857142857129
859,1464,1507,0.04761904761904756
860,1465,1578,0.33333333333333315
861,1466,1508,0.26190476190476186
862,1467,1427,0.1428571428571428
863,1468,1608,0.1428571428571428
864,1469,1523,0.09523809523809523
865,1470,1299,0.07142857142857129
866,1472,1641,0.07142857142857129
867,1473,1504,0.11904761904761896
868,1475,1729,0.023809523809523725
869,1476,1778,0.19047619047619035
870,1477,1564,0.07142857142857129
871,1478,1437,0.04761904761904756
872,1479,1595,0.1428571428571428
873,1480,1412,0.23809523809523792
874,1481,1675,0.33333333333333315
875,1483,1576,0.09523809523809523
876,1484,1598,0.23809523809523792
877,1487,1666,0.1428571428571428
878,1488,1466,0.07142857142857129
879,1490,1451,0.023809523809523725
880,1491,1349,0.07142857142857129
881,1492,1533,0.2142857142857142
882,1494,1548,0.16666666666666652
883,1495,1515,0.04761904761904756
884,1499,1630,0.09523809523809523
885,1500,1723,0.16666666666666652
886,1501,1361,0.3095238095238094
887,1504,1374,0.2857142857142856
888,1505,1656,0.04761904761904756
889,1506,1509,0.3571428571428571
890,1507,1804,0.2142857142857142
891,1508,1698,0.09523809523809523
892,1509,1614,0.07142857142857129
893,1510,1521,0.2857142857142856
894,1512,1329,0.023809523809523725
895,1513,1631,0.09523809523809523
896,1514,1334,0.23809523809523792
897,1515,1470,0.38095238095238093
898,1516,1810,0.04761904761904756
899,1517,1651,0.26190476190476186
900,1518,1419,0.04761904761904756
901,1524,1817,0.16666666666666652
902,1525,1592,0.19047619047619035
903,1526,1443,0.07142857142857129
904,1528,1565,0.2857142857142856
905,1529,1454,0.11904761904761896
906,1531,1388,0.11904761904761896
907,1533,1800,0.19047619047619035
908,1535,1434,0.16666666666666652
909,1538,1409,0.04761904761904756
910,1540,1493,0.23809523809523792
911,1541,1569,0.23809523809523792
912,1542,1583,0.04761904761904756
913,1543,1505,0.023809523809523725
914,1547,1637,0.2142857142857142
915,1548,1748,0.19047619047619035
916,1549,1792,0.38095238095238093
917,1551,1659,0.2142857142857142
918,1553,1649,0.1428571428571428
919,1556,1429,0.26190476190476186
920,1557,1612,0.26190476190476186
921,1558,1773,0.16666666666666652
922,1559,1354,0.2142857142857142
923,1563,1597,0.04761904761904756
924,1565,1672,0.19047619047619035
925,1566,1475,0.023809523809523725
926,1567,1553,0.23809523809523792
927,1569,1462,0.2857142857142856
928,1571,1587,0.23809523809523792
929,1573,1567,0.23809523809523792
930,1575,1546,0.1428571428571428
931,1577,1368,0.16666666666666652
932,1578,1581,0.04761904761904756
933,1579,1751,0.07142857142857129
934,1581,1468,0.11904761904761896
935,1582,1404,0.04761904761904756
936,1583,1407,0.1428571428571428
937,1587,1646,0.023809523809523725
938,1588,1426,0.11904761904761896
939,1591,1634,0.04761904761904756
940,1592,1862,0.04761904761904756
941,1593,1571,0.09523809523809523
942,1594,1707,0.07142857142857129
943,1595,1588,0.19047619047619035
944,1596,1765,0.09523809523809523
945,1597,1759,0.1428571428571428
946,1599,1520,0.09523809523809523
947,1601,1558,0.2857142857142856
948,1603,1643,0.33333333333333315
949,1604,1674,0.19047619047619035
950,1605,1594,0.16666666666666652
951,1608,1633,0.07142857142857129
952,1610,1771,0.38095238095238093
953,1611,4526,0.38095238095238093
954,1613,1463,0.1428571428571428
955,1615,1762,0.09523809523809523
956,1616,1739,0.04761904761904756
957,1618,1961,0.33333333333333315
958,1621,1479,0.04761904761904756
959,1623,1788,0.19047619047619035
960,1625,1525,0.16666666666666652
961,1626,1687,0.38095238095238093
962,1628,1623,0.26190476190476186
963,1631,1620,0.3571428571428571
964,1632,1874,0.45238095238095233
965,1634,1459,0.023809523809523725
966,1636,1747,0.16666666666666652
967,1637,1793,0.23809523809523792
968,1639,1667,0.19047619047619035
969,1640,1556,0.16666666666666652
970,1641,1657,0.023809523809523725
971,1642,1858,0.07142857142857129
972,1643,1699,0.07142857142857129
973,1644,1615,0.09523809523809523
974,1646,1743,0.09523809523809523
975,1647,1738,0.04761904761904756
976,1650,1913,0.23809523809523792
977,1652,1622,0.1428571428571428
978,1654,1474,0.47619047619047605
979,1657,1702,0.2857142857142856
980,1658,1383,0.04761904761904756
981,1659,1689,0.07142857142857129
982,1660,1500,0.26190476190476186
983,1662,1744,0.2857142857142856
984,1663,1718,0.33333333333333315
985,1665,1694,0.023809523809523725
986,1666,1757,0.19047619047619035
987,1667,1838,0.04761904761904756
988,1668,1549,0.07142857142857129
989,1669,1779,0.07142857142857129
990,1670,1477,0.16666666666666652
991,1671,1884,0.38095238095238093
992,1672,1528,0.19047619047619035
993,1673,1621,0.16666666666666652
994,1674,1716,0.11904761904761896
995,1675,1863,0.1428571428571428
996,1676,1606,0.11904761904761896
997,1677,1655,0.11904761904761896
998,1678,1673,0.11904761904761896
999,1679,1852,0.16666666666666652
1000,1681,1661,0.04761904761904756
1001,1682,1658,0.16666666666666652
1002,1685,1819,0.23809523809523792
1003,1686,1983,0.1428571428571428
1004,1688,1930,0.16666666666666652
1005,1690,1816,0.19047619047619035
1006,1691,1719,0.38095238095238093
1007,1692,1681,0.023809523809523725
1008,1693,1807,0.1428571428571428
1009,1695,1481,0.07142857142857129
1010,1700,1784,0.04761904761904756
1011,1701,1894,0.33333333333333315
1012,1703,1861,0.09523809523809523
1013,1704,1728,0.11904761904761896
1014,1708,1825,0.4285714285714285
1015,1709,2010,0.04761904761904756
1016,1711,1591,0.3095238095238094
1017,1713,1831,0.09523809523809523
1018,1715,1854,0.09523809523809523
1019,1719,1733,0.023809523809523725
1020,1723,1599,0.023809523809523725
1021,1727,1937,0.023809523809523725
1022,1728,1791,0.26190476190476186
1023,1729,1652,0.38095238095238093
1024,1730,1832,0.11904761904761896
1025,1731,1938,0.07142857142857129
1026,1732,1624,0.04761904761904756
1027,1734,1604,0.23809523809523792
1028,1735,1679,0.11904761904761896
1029,1737,1770,0.5238095238095237
1030,1739,1539,0.26190476190476186
1031,1740,1843,0.07142857142857129
1032,1741,1803,0.33333333333333315
1033,1743,1963,0.09523809523809523
1034,1744,1585,0.2142857142857142
1035,1745,1688,0.11904761904761896
1036,1746,2034,0.2857142857142856
1037,1747,1889,0.19047619047619035
1038,1748,1736,0.33333333333333315
1039,1750,1994,0.1428571428571428
1040,1751,1538,0.2142857142857142
1041,1754,2054,0.0
1042,1757,1958,0.33333333333333315
1043,1758,1494,0.26190476190476186
1044,1759,1973,0.09523809523809523
1045,1762,1931,0.11904761904761896
1046,1763,1684,0.33333333333333315
1047,1765,1885,0.2142857142857142
1048,1767,1929,0.04761904761904756
1049,1773,1949,0.0
1050,1774,1900,0.23809523809523792
1051,1775,1822,0.1428571428571428
1052,1777,1750,0.2142857142857142
1053,1778,2032,0.19047619047619035
1054,1779,2072,0.07142857142857129
1055,1783,1746,0.09523809523809523
1056,1784,1561,0.19047619047619035
1057,1786,1706,0.3095238095238094
1058,1787,1890,0.11904761904761896
1059,1790,1809,0.1428571428571428
1060,1791,2064,0.16666666666666652
1061,1793,1857,0.2142857142857142
1062,1794,1879,0.04761904761904756
1063,1795,2028,0.0
1064,1796,1768,0.1428571428571428
1065,1801,1878,0.023809523809523725
1066,1802,1916,0.23809523809523792
1067,1803,1741,0.2142857142857142
1068,1804,2013,0.2142857142857142
1069,1807,1990,0.19047619047619035
1070,1808,1895,0.26190476190476186
1071,1809,1892,0.023809523809523725
1072,1811,1662,0.19047619047619035
1073,1812,1774,0.23809523809523792
1074,1814,1617,0.07142857142857129
1075,1815,1579,0.16666666666666652
1076,1816,1782,0.3095238095238094
1077,1818,1697,0.2857142857142856
1078,1819,1985,0.33333333333333315
1079,1820,1921,0.23809523809523792
1080,1821,1915,0.16666666666666652
1081,1824,1918,0.09523809523809523
1082,1825,1935,0.11904761904761896
1083,1826,1953,0.23809523809523792
1084,1827,2024,0.09523809523809523
1085,1828,2079,0.6428571428571428
1086,1829,2136,0.11904761904761896
1087,1830,1726,0.19047619047619035
1088,1831,1764,0.33333333333333315
1089,1832,1756,0.19047619047619035
1090,1833,1837,0.26190476190476186
1091,1834,2124,0.16666666666666652
1092,1835,1996,0.2857142857142856
1093,1836,1867,0.3095238095238094
1094,1839,1814,0.40476190476190466
1095,1840,2137,0.11904761904761896
1096,1841,1780,0.04761904761904756
1097,1842,2081,0.11904761904761896
1098,1843,2005,0.2857142857142856
1099,1844,2035,0.19047619047619035
1100,1845,1868,0.023809523809523725
1101,1846,1968,0.23809523809523792
1102,1848,1682,0.2857142857142856
1103,1850,2104,0.07142857142857129
1104,1853,1942,0.16666666666666652
1105,1854,1704,0.1428571428571428
1106,1855,2107,0.33333333333333315
1107,1856,2098,0.16666666666666652
1108,1858,2071,0.19047619047619035
1109,1860,1808,0.23809523809523792
1110,1862,1891,0.023809523809523725
1111,1863,2063,0.0
1112,1865,2011,0.4999999999999999
1113,1869,1709,0.04761904761904756
1114,1872,1639,0.04761904761904756
1115,1873,1922,0.11904761904761896
1116,1875,1737,0.33333333333333315
1117,1876,1855,0.09523809523809523
1118,1878,1906,0.04761904761904756
1119,1879,2078,0.023809523809523725
1120,1880,2178,0.19047619047619035
1121,1882,1976,0.07142857142857129
1122,1886,2210,0.2857142857142856
1123,1887,2216,0.3095238095238094
1124,1888,1769,0.16666666666666652
1125,1889,2016,0.2142857142857142
1126,1890,2120,0.07142857142857129
1127,1891,2091,0.11904761904761896
1128,1892,2053,0.16666666666666652
1129,1893,1781,0.33333333333333315
1130,1894,1876,0.3571428571428571
1131,1896,1946,0.07142857142857129
1132,1897,1844,0.09523809523809523
1133,1898,2047,0.04761904761904756
1134,1899,1982,0.1428571428571428
1135,1900,1824,0.023809523809523725
1136,1901,1877,0.19047619047619035
1137,1902,1730,0.3095238095238094
1138,1904,1939,0.023809523809523725
1139,1906,2023,0.11904761904761896
1140,1907,2237,0.1428571428571428
1141,1909,2026,0.19047619047619035
1142,1912,1932,0.11904761904761896
1143,1914,1955,0.2857142857142856
1144,1915,2020,0.19047619047619035
1145,1916,1766,0.26190476190476186
1146,1917,2041,0.16666666666666652
1147,1919,1860,0.04761904761904756
1148,1920,1897,0.26190476190476186
1149,1922,2117,0.11904761904761896
1150,1924,1731,0.11904761904761896
1151,1925,1944,0.023809523809523725
1152,1927,1940,0.5476190476190477
1153,1931,1849,0.023809523809523725
1154,1932,2148,0.11904761904761896
1155,1933,1886,0.04761904761904756
1156,1934,1989,0.09523809523809523
1157,1936,1724,0.2857142857142856
1158,1937,2230,0.11904761904761896
1159,1938,2021,0.16666666666666652
1160,1939,1850,0.40476190476190466
1161,1940,2017,0.023809523809523725
1162,1943,2113,0.19047619047619035
1163,1945,1856,0.09523809523809523
1164,1946,2069,0.04761904761904756
1165,1948,1979,0.04761904761904756
1166,1949,1927,0.19047619047619035
1167,1950,2043,0.23809523809523792
1168,1952,2140,0.6428571428571428
1169,1953,2142,0.19047619047619035
1170,1954,1984,0.47619047619047605
1171,1956,1917,0.04761904761904756
1172,1958,2055,0.33333333333333315
1173,1961,1783,0.16666666666666652
1174,1963,1947,0.07142857142857129
1175,1964,2253,0.023809523809523725
1176,1965,2270,0.19047619047619035
1177,1966,2168,0.45238095238095233
1178,1967,1928,0.4285714285714285
1179,1968,1840,0.1428571428571428
1180,1969,2073,0.023809523809523725
1181,1970,1830,0.16666666666666652
1182,1971,1905,0.23809523809523792
1183,1974,2050,0.3571428571428571
1184,1975,2084,0.47619047619047605
1185,1976,1991,0.23809523809523792
1186,1977,2162,0.0
1187,1979,1834,0.11904761904761896
1188,1982,1859,0.11904761904761896
1189,1983,1981,0.0
1190,1984,1775,0.04761904761904756
1191,1986,2290,0.19047619047619035
1192,1987,2204,0.6666666666666665
1193,1989,2153,0.23809523809523792
1194,1990,2309,0.19047619047619035
1195,1991,2004,0.1428571428571428
1196,1992,2222,0.11904761904761896
1197,1994,2058,0.07142857142857129
1198,1997,1865,0.11904761904761896
1199,1998,2029,0.11904761904761896
1200,2001,2096,0.2857142857142856
1201,2003,1972,0.33333333333333315
1202,2004,2060,0.0
1203,2005,1908,0.023809523809523725
1204,2006,1901,0.2142857142857142
1205,2007,2195,0.23809523809523792
1206,2008,2132,0.19047619047619035
1207,2009,2278,0.26190476190476186
1208,2010,2001,0.19047619047619035
1209,2012,2122,0.26190476190476186
1210,2013,2156,0.04761904761904756
1211,2014,1847,0.3095238095238094
1212,2015,2109,0.619047619047619
1213,2016,2144,0.26190476190476186
1214,2017,1971,0.1428571428571428
1215,2018,2165,0.5238095238095237
1216,2019,1815,0.023809523809523725
1217,2020,1914,0.11904761904761896
1218,2022,1910,0.2857142857142856
1219,2024,2042,0.16666666666666652
1220,2026,1870,0.09523809523809523
1221,2028,2269,0.19047619047619035
1222,2029,2182,0.19047619047619035
1223,2030,2151,0.023809523809523725
1224,2031,2200,0.0
1225,2034,2236,0.1428571428571428
1226,2035,2295,0.16666666666666652
1227,2037,2044,0.09523809523809523
1228,2038,2048,0.19047619047619035
1229,2039,1920,0.07142857142857129
1230,2042,1812,0.16666666666666652
1231,2044,2163,0.45238095238095233
1232,2045,1959,0.04761904761904756
1233,2046,2133,0.3571428571428571
1234,2049,1866,0.09523809523809523
1235,2050,2368,0.2142857142857142
1236,2052,2090,0.16666666666666652
1237,2053,2262,0.09523809523809523
1238,2054,1950,0.16666666666666652
1239,2055,2377,0.2142857142857142
1240,2057,2046,0.6428571428571428
1241,2058,2242,0.16666666666666652
1242,2059,2175,0.26190476190476186
1243,2061,1962,0.09523809523809523
1244,2062,2092,0.1428571428571428
1245,2064,2009,0.023809523809523725
1246,2065,2272,0.09523809523809523
1247,2067,2158,0.2857142857142856
1248,2068,2061,0.23809523809523792
1249,2069,2325,0.07142857142857129
1250,2070,2192,0.07142857142857129
1251,2071,2119,0.2142857142857142
1252,2072,2329,0.11904761904761896
1253,2073,1978,0.26190476190476186
1254,2075,2223,0.4285714285714285
1255,2076,2039,0.07142857142857129
1256,2077,2149,0.04761904761904756
1257,2078,2345,0.26190476190476186
1258,2079,2198,0.11904761904761896
1259,2080,2080,0.16666666666666652
1260,2081,2085,0.1428571428571428
1261,2082,2213,0.3095238095238094
1262,2085,2412,0.11904761904761896
1263,2088,2296,0.11904761904761896
1264,2089,2059,0.38095238095238093
1265,2090,2106,0.09523809523809523
1266,2091,1898,0.16666666666666652
1267,2092,2123,0.26190476190476186
1268,2094,2089,0.04761904761904756
1269,2095,2093,0.023809523809523725
1270,2097,1945,0.1428571428571428
1271,2098,2373,0.19047619047619035
1272,2099,1999,0.23809523809523792
1273,2101,2344,0.26190476190476186
1274,2102,1872,0.07142857142857129
1275,2103,2318,0.5238095238095237
1276,2105,2087,0.023809523809523725
1277,2106,1907,0.09523809523809523
1278,2107,1966,0.26190476190476186
1279,2108,1943,0.023809523809523725
1280,2110,2347,0.45238095238095233
1281,2111,2212,0.09523809523809523
1282,2113,2115,0.11904761904761896
1283,2114,2171,0.07142857142857129
1284,2116,2215,0.07142857142857129
1285,2118,2443,0.23809523809523792
1286,2119,2395,0.23809523809523792
1287,2123,2127,0.23809523809523792
1288,2124,2062,0.11904761904761896
1289,2125,2074,0.1428571428571428
1290,2126,2167,0.33333333333333315
1291,2127,2287,0.19047619047619035
1292,2132,2257,0.09523809523809523
1293,2133,2134,0.1428571428571428
1294,2134,2313,0.2857142857142856
1295,2137,2211,0.2142857142857142
1296,2140,2129,0.09523809523809523
1297,2141,2359,0.09523809523809523
1298,2142,2006,0.619047619047619
1299,2143,1997,0.023809523809523725
1300,2146,2493,0.09523809523809523
1301,2149,2111,0.11904761904761896
1302,2150,2258,0.3571428571428571
1303,2151,2097,0.07142857142857129
1304,2154,2459,0.07142857142857129
1305,2158,2330,0.16666666666666652
1306,2160,2247,0.04761904761904756
1307,2162,2430,0.09523809523809523
1308,2164,2086,0.11904761904761896
1309,2165,2018,0.11904761904761896
1310,2166,2189,0.11904761904761896
1311,2167,2474,0.16666666666666652
1312,2169,2340,0.07142857142857129
1313,2170,2438,0.09523809523809523
1314,2172,2159,0.11904761904761896
1315,2174,2463,0.40476190476190466
1316,2175,2341,0.09523809523809523
1317,2176,1980,0.11904761904761896
1318,2177,2429,0.4285714285714285
1319,2180,2275,0.2142857142857142
1320,2182,2145,0.26190476190476186
1321,2183,2094,0.09523809523809523
1322,2184,2179,0.19047619047619035
1323,2189,2103,0.16666666666666652
1324,2190,2000,0.1428571428571428
1325,2193,2012,0.45238095238095233
1326,2194,2217,0.3571428571428571
1327,2196,2335,0.09523809523809523
1328,2199,2185,0.26190476190476186
1329,2200,2427,0.0
1330,2202,2088,0.09523809523809523
1331,2203,2008,0.11904761904761896
1332,2206,2121,0.26190476190476186
1333,2207,2404,0.04761904761904756
1334,2208,2166,0.07142857142857129
1335,2210,2173,0.5238095238095237
1336,2211,2245,0.38095238095238093
1337,2216,2303,0.023809523809523725
1338,2218,2317,0.09523809523809523
1339,2219,2471,0.5476190476190477
1340,2221,2070,0.23809523809523792
1341,2222,2251,0.19047619047619035
1342,2223,2170,0.4285714285714285
1343,2226,2038,0.04761904761904756
1344,2228,2181,0.16666666666666652
1345,2229,2308,0.1428571428571428
1346,2231,2351,0.09523809523809523
1347,2232,2512,0.3095238095238094
1348,2233,2172,0.19047619047619035
1349,2234,2332,0.23809523809523792
1350,2235,2197,0.07142857142857129
1351,2236,2068,0.11904761904761896
1352,2237,2283,0.09523809523809523
1353,2239,2504,0.47619047619047605
1354,2240,2207,0.09523809523809523
1355,2241,2492,0.1428571428571428
1356,2246,2468,0.3571428571428571
1357,2247,2293,0.023809523809523725
1358,2248,2227,0.023809523809523725
1359,2252,2457,0.19047619047619035
1360,2255,2415,0.04761904761904756
1361,2256,2229,0.0
1362,2257,2095,0.2857142857142856
1363,2258,2447,0.3095238095238094
1364,2259,2496,0.04761904761904756
1365,2261,2454,0.1428571428571428
1366,2265,2260,0.0
1367,2266,2288,0.16666666666666652
1368,2267,2363,0.04761904761904756
1369,2268,2522,0.07142857142857129
1370,2269,2271,0.8095238095238095
1371,2271,2276,0.16666666666666652
1372,2272,2334,0.2142857142857142
1373,2273,2225,0.19047619047619035
1374,2275,2434,0.023809523809523725
1375,2276,2305,0.11904761904761896
1376,2277,2279,0.023809523809523725
1377,2278,2529,0.09523809523809523
1378,2279,2174,0.23809523809523792
1379,2280,2110,0.023809523809523725
1380,2282,2194,0.1428571428571428
1381,2286,2532,0.04761904761904756
1382,2289,2316,0.11904761904761896
1383,2290,2264,0.40476190476190466
1384,2291,2180,0.11904761904761896
1385,2292,2319,0.38095238095238093
1386,2293,2358,0.5238095238095237
1387,2294,2577,0.26190476190476186
1388,2295,2294,0.07142857142857129
1389,2296,2597,0.023809523809523725
1390,2298,2339,0.2142857142857142
1391,2299,2244,0.04761904761904756
1392,2300,2362,0.2142857142857142
1393,2301,2513,0.07142857142857129
1394,2302,2239,0.16666666666666652
1395,2303,2370,0.4285714285714285
1396,2305,2360,0.23809523809523792
1397,2309,2394,0.09523809523809523
1398,2311,2297,0.04761904761904756
1399,2312,2324,0.023809523809523725
1400,2315,2311,0.09523809523809523
1401,2318,2472,0.11904761904761896
1402,2321,2464,0.23809523809523792
1403,2323,2304,0.2857142857142856
1404,2324,2343,0.3095238095238094
1405,2325,2399,0.2142857142857142
1406,2327,2128,0.09523809523809523
1407,2328,2618,0.07142857142857129
1408,2330,2261,0.26190476190476186
1409,2331,2379,0.023809523809523725
1410,2332,2118,0.5238095238095237
1411,2335,2417,0.09523809523809523
1412,2336,2177,0.1428571428571428
1413,2337,2196,0.4285714285714285
1414,2338,2385,0.16666666666666652
1415,2339,2564,0.1428571428571428
1416,2340,2232,0.2857142857142856
1417,2343,2550,0.07142857142857129
1418,2344,2398,0.16666666666666652
1419,2346,2357,0.11904761904761896
1420,2347,2421,0.2142857142857142
1421,2348,2401,0.04761904761904756
1422,2350,2161,0.023809523809523725
1423,2351,2411,0.023809523809523725
1424,2354,2281,0.26190476190476186
1425,2356,2327,0.09523809523809523
1426,2357,2530,0.07142857142857129
1427,2359,2268,0.2142857142857142
1428,2360,2355,0.11904761904761896
1429,2361,2139,0.0
1430,2362,2416,0.2857142857142856
1431,2363,2407,0.04761904761904756
1432,2364,2152,0.11904761904761896
1433,2367,2591,0.3571428571428571
1434,2368,2453,0.07142857142857129
1435,2370,2589,0.3095238095238094
1436,2372,2154,0.023809523809523725
1437,2373,2392,0.07142857142857129
1438,2375,2431,0.11904761904761896
1439,2376,2336,0.07142857142857129
1440,2377,2375,0.04761904761904756
1441,2380,2405,0.11904761904761896
1442,2382,2265,0.11904761904761896
1443,2387,2233,0.11904761904761896
1444,2389,2631,0.07142857142857129
1445,2391,2628,0.11904761904761896
1446,2393,2641,0.38095238095238093
1447,2397,2378,0.2857142857142856
1448,2398,2432,0.023809523809523725
1449,2399,2458,0.2857142857142856
1450,2400,2220,0.11904761904761896
1451,2401,2614,0.11904761904761896
1452,2403,2310,0.07142857142857129
1453,2404,2386,0.16666666666666652
1454,2405,2314,0.2857142857142856
1455,2406,2176,0.0
1456,2407,2240,0.11904761904761896
1457,2408,2452,0.19047619047619035
1458,2409,2301,0.3095238095238094
1459,2410,2321,0.1428571428571428
1460,2412,2503,0.16666666666666652
1461,2413,2470,0.04761904761904756
1462,2414,2235,0.1428571428571428
1463,2415,2382,0.09523809523809523
1464,2416,2402,0.04761904761904756
1465,2419,2543,0.11904761904761896
1466,2420,2511,0.11904761904761896
1467,2422,2409,0.33333333333333315
1468,2424,2410,0.023809523809523725
1469,2425,2599,0.07142857142857129
1470,2426,2413,0.23809523809523792
1471,2428,2636,0.2142857142857142
1472,2429,2312,0.11904761904761896
1473,2430,2388,0.09523809523809523
1474,2431,2546,0.07142857142857129
1475,2434,2486,0.11904761904761896
1476,2435,2604,0.23809523809523792
1477,2436,2418,0.2857142857142856
1478,2437,2509,0.07142857142857129
1479,2442,2238,0.26190476190476186
1480,2446,2739,0.07142857142857129
1481,2447,2676,0.04761904761904756
1482,2450,2299,0.23809523809523792
1483,2452,2590,0.33333333333333315
1484,2455,2647,0.023809523809523725
1485,2456,2525,0.23809523809523792
1486,2460,2365,0.023809523809523725
1487,2461,2652,0.33333333333333315
1488,2463,2755,0.5238095238095237
1489,2466,2540,0.09523809523809523
1490,2467,2642,0.3571428571428571
1491,2468,2761,0.3095238095238094
1492,2470,2753,0.5238095238095237
1493,2471,2460,0.09523809523809523
1494,2472,2562,0.23809523809523792
1495,2473,2640,0.2857142857142856
1496,2474,2435,0.09523809523809523
1497,2477,2717,0.11904761904761896
1498,2478,2777,0.023809523809523725
1499,2479,2521,0.2142857142857142
1500,2480,2665,0.3095238095238094
1501,2481,2501,0.11904761904761896
1502,2482,2592,0.0
1503,2483,2396,0.11904761904761896
1504,2485,2510,0.19047619047619035
1505,2486,2539,0.1428571428571428
1506,2487,2803,0.023809523809523725
1507,2488,2649,0.23809523809523792
1508,2489,2570,0.07142857142857129
1509,2490,2292,0.23809523809523792
1510,2491,2770,0.11904761904761896
1511,2493,2655,0.2142857142857142
1512,2494,2601,0.1428571428571428
1513,2495,2653,0.26190476190476186
1514,2498,2333,0.47619047619047605
1515,2500,2545,0.3571428571428571
1516,2501,2331,0.16666666666666652
1517,2506,2568,0.26190476190476186
1518,2510,2342,0.2142857142857142
1519,2512,2554,0.09523809523809523
1520,2515,2556,0.2857142857142856
1521,2517,2352,0.11904761904761896
1522,2520,2664,0.16666666666666652
1523,2522,2633,0.1428571428571428
1524,2524,2437,0.16666666666666652
1525,2526,2494,0.07142857142857129
1526,2527,2536,0.023809523809523725
1527,2528,2800,0.19047619047619035
1528,2529,2524,0.33333333333333315
1529,2530,2551,0.4285714285714285
1530,2531,2795,0.26190476190476186
1531,2533,2445,0.023809523809523725
1532,2534,2651,0.09523809523809523
1533,2536,2587,0.07142857142857129
1534,2537,2449,0.26190476190476186
1535,2538,2560,0.04761904761904756
1536,2539,2823,0.3571428571428571
1537,2541,2766,0.23809523809523792
1538,2542,2582,0.23809523809523792
1539,2545,2393,0.023809523809523725
1540,2546,2390,0.04761904761904756
1541,2547,2448,0.07142857142857129
1542,2548,2893,0.04761904761904756
1543,2549,2846,0.09523809523809523
1544,2551,2697,0.4999999999999999
1545,2552,2481,0.23809523809523792
1546,2553,2422,0.16666666666666652
1547,2554,2466,0.19047619047619035
1548,2557,2364,0.1428571428571428
1549,2560,2579,0.04761904761904756
1550,2563,4527,0.16666666666666652
1551,2565,2580,0.2857142857142856
1552,2566,2782,0.16666666666666652
1553,2567,2620,0.09523809523809523
1554,2568,2490,0.11904761904761896
1555,2569,2596,0.11904761904761896
1556,2570,2462,0.07142857142857129
1557,2571,2693,0.3095238095238094
1558,2573,2558,0.1428571428571428
1559,2574,2870,0.19047619047619035
1560,2575,2819,0.26190476190476186
1561,2576,2635,0.26190476190476186
1562,2577,2441,0.07142857142857129
1563,2578,2600,0.16666666666666652
1564,2579,2718,0.2857142857142856
1565,2580,2738,0.11904761904761896
1566,2581,2624,0.2857142857142856
1567,2583,2535,0.023809523809523725
1568,2584,2779,0.16666666666666652
1569,2585,2792,0.19047619047619035
1570,2586,2648,0.0
1571,2589,2561,0.04761904761904756
1572,2592,2694,0.2142857142857142
1573,2593,2518,0.09523809523809523
1574,2594,2576,0.07142857142857129
1575,2595,2763,0.19047619047619035
1576,2596,2820,0.3571428571428571
1577,2597,2616,0.023809523809523725
1578,2598,2643,0.04761904761904756
1579,2601,2506,0.26190476190476186
1580,2604,2831,0.2142857142857142
1581,2605,2485,0.0
1582,2607,2566,0.40476190476190466
1583,2608,2549,0.1428571428571428
1584,2609,2713,0.09523809523809523
1585,2610,2956,0.11904761904761896
1586,2611,2929,0.3571428571428571
1587,2612,2723,0.09523809523809523
1588,2614,2374,0.1428571428571428
1589,2615,2397,0.1428571428571428
1590,2616,2762,0.26190476190476186
1591,2617,2542,0.04761904761904756
1592,2620,2810,0.23809523809523792
1593,2621,2565,0.19047619047619035
1594,2625,2721,0.38095238095238093
1595,2628,2687,0.09523809523809523
1596,2630,2836,0.16666666666666652
1597,2631,2814,0.04761904761904756
1598,2633,2476,0.04761904761904756
1599,2635,2850,0.11904761904761896
1600,2636,2451,0.07142857142857129
1601,2639,2607,0.1428571428571428
1602,2640,2970,0.04761904761904756
1603,2641,2608,0.19047619047619035
1604,2642,2617,0.16666666666666652
1605,2643,2657,0.4285714285714285
1606,2644,2894,0.11904761904761896
1607,2646,2749,0.2857142857142856
1608,2650,2663,0.04761904761904756
1609,2651,2886,0.04761904761904756
1610,2652,2679,0.3571428571428571
1611,2653,2479,0.23809523809523792
1612,2654,2578,0.07142857142857129
1613,2655,2895,0.16666666666666652
1614,2656,2473,0.07142857142857129
1615,2658,2533,0.1428571428571428
1616,2659,2534,0.26190476190476186
1617,2660,2826,0.11904761904761896
1618,2661,2863,0.023809523809523725
1619,2662,2951,0.6428571428571428
1620,2665,2507,0.07142857142857129
1621,2666,2605,0.023809523809523725
1622,2669,2621,0.16666666666666652
1623,2670,2726,0.023809523809523725
1624,2672,2703,0.5238095238095237
1625,2677,2526,0.19047619047619035
1626,2679,2741,0.11904761904761896
1627,2680,2961,0.19047619047619035
1628,2681,2632,0.38095238095238093
1629,2682,2869,0.4285714285714285
1630,2684,2557,0.2857142857142856
1631,2685,2683,0.023809523809523725
1632,2686,2962,0.16666666666666652
1633,2690,2939,0.1428571428571428
1634,2693,2645,0.19047619047619035
1635,2697,2985,0.38095238095238093
1636,2698,2806,0.4999999999999999
1637,2699,2668,0.16666666666666652
1638,2701,2864,0.1428571428571428
1639,2702,2670,0.07142857142857129
1640,2703,2714,0.023809523809523725
1641,2706,2789,0.11904761904761896
1642,2708,2680,0.023809523809523725
1643,2709,2844,0.1428571428571428
1644,2710,2489,0.6428571428571428
1645,2711,2784,0.2142857142857142
1646,2712,2873,0.16666666666666652
1647,2713,2856,0.023809523809523725
1648,2715,2585,0.16666666666666652
1649,2717,2571,0.09523809523809523
1650,2718,2743,0.09523809523809523
1651,2719,2575,0.40476190476190466
1652,2720,2704,0.09523809523809523
1653,2721,2734,0.16666666666666652
1654,2722,2619,0.04761904761904756
1655,2723,2772,0.33333333333333315
1656,2724,2623,0.16666666666666652
1657,2725,2987,0.07142857142857129
1658,2726,2797,0.5952380952380951
1659,2727,2767,0.26190476190476186
1660,2728,2793,0.3095238095238094
1661,2730,2750,0.09523809523809523
1662,2733,2946,0.1428571428571428
1663,2734,2716,0.23809523809523792
1664,2735,2783,0.11904761904761896
1665,2736,2574,0.38095238095238093
1666,2737,2748,0.16666666666666652
1667,2740,2903,0.19047619047619035
1668,2741,2973,0.16666666666666652
1669,2742,2821,0.1428571428571428
1670,2743,2603,0.47619047619047605
1671,2744,2794,0.16666666666666652
1672,2746,2569,0.09523809523809523
1673,2749,3007,0.5952380952380951
1674,2752,2581,0.38095238095238093
1675,2753,3048,0.11904761904761896
1676,2754,2674,0.09523809523809523
1677,2755,2685,0.1428571428571428
1678,2756,2728,0.09523809523809523
1679,2757,2963,0.5238095238095237
1680,2760,2588,0.19047619047619035
1681,2762,2796,0.04761904761904756
1682,2764,2678,0.2857142857142856
1683,2766,2711,0.45238095238095233
1684,2767,2699,0.07142857142857129
1685,2768,2912,0.23809523809523792
1686,2769,2980,0.38095238095238093
1687,2770,2882,0.3095238095238094
1688,2774,2867,0.23809523809523792
1689,2776,3052,0.2857142857142856
1690,2777,2851,0.07142857142857129
1691,2779,2984,0.2142857142857142
1692,2780,2758,0.23809523809523792
1693,2781,3043,0.3095238095238094
1694,2782,2780,0.1428571428571428
1695,2784,2949,0.04761904761904756
1696,2786,2839,0.26190476190476186
1697,2788,2940,0.5238095238095237
1698,2789,2701,0.2857142857142856
1699,2792,3072,0.3095238095238094
1700,2793,2672,0.07142857142857129
1701,2794,2752,0.2857142857142856
1702,2795,2888,0.19047619047619035
1703,2797,2692,0.16666666666666652
1704,2798,2950,0.09523809523809523
1705,2799,3102,0.16666666666666652
1706,2802,2627,0.23809523809523792
1707,2804,2857,0.16666666666666652
1708,2806,2808,0.38095238095238093
1709,2808,2732,0.5238095238095237
1710,2809,2812,0.16666666666666652
1711,2810,2871,0.9047619047619048
1712,2811,2848,0.4285714285714285
1713,2812,2866,0.09523809523809523
1714,2813,2615,0.07142857142857129
1715,2814,2634,0.07142857142857129
1716,2815,2906,0.11904761904761896
1717,2816,2790,0.2142857142857142
1718,2817,2832,0.33333333333333315
1719,2821,2760,0.5238095238095237
1720,2822,2613,0.26190476190476186
1721,2823,2902,0.11904761904761896
1722,2824,2791,0.04761904761904756
1723,2825,2920,0.16666666666666652
1724,2826,3023,0.11904761904761896
1725,2827,2958,0.2142857142857142
1726,2828,2646,0.2142857142857142
1727,2830,2719,0.3095238095238094
1728,2831,2781,0.26190476190476186
1729,2833,2771,0.19047619047619035
1730,2836,2637,0.1428571428571428
1731,2838,2662,0.07142857142857129
1732,2839,2667,0.04761904761904756
1733,2840,2675,0.33333333333333315
1734,2841,2684,0.11904761904761896
1735,2842,3058,0.2857142857142856
1736,2843,2715,0.16666666666666652
1737,2844,3149,0.23809523809523792
1738,2846,2722,0.1428571428571428
1739,2847,2881,0.09523809523809523
1740,2848,2733,0.09523809523809523
1741,2849,3045,0.07142857142857129
1742,2850,2710,0.38095238095238093
1743,2851,2997,0.1428571428571428
1744,2853,2876,0.19047619047619035
1745,2854,2786,0.16666666666666652
1746,2855,2938,0.5476190476190477
1747,2856,2993,0.09523809523809523
1748,2858,2975,0.0
1749,2861,2891,0.2142857142857142
1750,2864,3047,0.19047619047619035
1751,2866,2773,0.33333333333333315
1752,2869,2828,0.2857142857142856
1753,2870,3025,0.23809523809523792
1754,2872,2878,0.11904761904761896
1755,2875,2927,0.04761904761904756
1756,2876,2862,0.04761904761904756
1757,2877,2802,0.26190476190476186
1758,2878,2904,0.16666666666666652
1759,2880,3108,0.38095238095238093
1760,2882,2815,0.3095238095238094
1761,2883,2847,0.023809523809523725
1762,2884,3042,0.47619047619047605
1763,2885,2885,0.23809523809523792
1764,2886,3041,0.40476190476190466
1765,2887,2834,0.33333333333333315
1766,2890,2919,0.04761904761904756
1767,2891,2887,0.23809523809523792
1768,2896,3194,0.47619047619047605
1769,2897,3193,0.0
1770,2899,3091,0.07142857142857129
1771,2900,3105,0.16666666666666652
1772,2901,3110,0.19047619047619035
1773,2902,2923,0.09523809523809523
1774,2903,2996,0.26190476190476186
1775,2905,3114,0.04761904761904756
1776,2906,2883,0.16666666666666652
1777,2909,2700,0.09523809523809523
1778,2910,2932,0.04761904761904756
1779,2915,2983,0.2142857142857142
1780,2916,3036,0.11904761904761896
1781,2917,2688,0.07142857142857129
1782,2918,2801,0.38095238095238093
1783,2920,3175,0.23809523809523792
1784,2922,3063,0.16666666666666652
1785,2923,2765,0.11904761904761896
1786,2924,2807,0.23809523809523792
1787,2927,2989,0.19047619047619035
1788,2928,3143,0.23809523809523792
1789,2931,2905,0.3095238095238094
1790,2932,3033,0.3095238095238094
1791,2933,3004,0.07142857142857129
1792,2934,3009,0.07142857142857129
1793,2936,2942,0.3095238095238094
1794,2938,2811,0.19047619047619035
1795,2940,3119,0.16666666666666652
1796,2941,3086,0.38095238095238093
1797,2942,3192,0.11904761904761896
1798,2943,2969,0.1428571428571428
1799,2944,3140,0.09523809523809523
1800,2946,3117,0.2142857142857142
1801,2947,2941,0.09523809523809523
1802,2950,2853,0.04761904761904756
1803,2952,3013,0.26190476190476186
1804,2954,2774,0.2857142857142856
1805,2956,2971,0.5476190476190477
1806,2957,2911,0.04761904761904756
1807,2958,2901,0.26190476190476186
1808,2959,3148,0.738095238095238
1809,2960,3142,0.16666666666666652
1810,2961,2840,0.09523809523809523
1811,2962,3069,0.11904761904761896
1812,2963,3220,0.19047619047619035
1813,2965,3284,0.11904761904761896
1814,2968,3095,0.023809523809523725
1815,2970,3216,0.16666666666666652
1816,2971,3180,0.023809523809523725
1817,2972,2992,0.4285714285714285
1818,2973,3056,0.16666666666666652
1819,2974,3005,0.16666666666666652
1820,2976,3221,0.23809523809523792
1821,2979,3092,0.3571428571428571
1822,2980,3191,0.023809523809523725
1823,2981,2829,0.11904761904761896
1824,2982,3229,0.16666666666666652
1825,2983,2986,0.19047619047619035
1826,2985,2926,0.2857142857142856
1827,2989,2889,0.38095238095238093
1828,2990,3276,0.4285714285714285
1829,2991,3243,0.26190476190476186
1830,2992,3246,0.07142857142857129
1831,2994,2917,0.4285714285714285
1832,2995,2979,0.11904761904761896
1833,2996,2991,0.19047619047619035
1834,2997,2842,0.09523809523809523
1835,2999,2974,0.07142857142857129
1836,3001,2896,0.023809523809523725
1837,3002,2921,0.1428571428571428
1838,3004,3130,0.09523809523809523
1839,3006,3153,0.04761904761904756
1840,3008,3094,0.1428571428571428
1841,3010,3272,0.26190476190476186
1842,3011,3156,0.23809523809523792
1843,3012,2972,0.38095238095238093
1844,3014,2860,0.0
1845,3015,3364,0.023809523809523725
1846,3016,2957,0.23809523809523792
1847,3017,3291,0.04761904761904756
1848,3018,3046,0.16666666666666652
1849,3019,2916,0.26190476190476186
1850,3022,3238,0.04761904761904756
1851,3023,3103,0.16666666666666652
1852,3024,2830,0.2142857142857142
1853,3028,3006,0.1428571428571428
1854,3030,3093,0.09523809523809523
1855,3032,3301,0.023809523809523725
1856,3033,3273,0.40476190476190466
1857,3038,2845,0.04761904761904756
1858,3039,3218,0.07142857142857129
1859,3040,3031,0.33333333333333315
1860,3042,3249,0.23809523809523792
1861,3047,2967,0.11904761904761896
1862,3051,2948,0.11904761904761896
1863,3052,3145,0.07142857142857129
1864,3053,3361,0.16666666666666652
1865,3054,3039,0.1428571428571428
1866,3055,2966,0.04761904761904756
1867,3058,3200,0.07142857142857129
1868,3059,3050,0.16666666666666652
1869,3060,3288,0.04761904761904756
1870,3061,3124,0.8095238095238095
1871,3063,2968,0.26190476190476186
1872,3064,2900,0.1428571428571428
1873,3068,3135,0.023809523809523725
1874,3069,3251,0.07142857142857129
1875,3070,3113,0.07142857142857129
1876,3071,3158,0.09523809523809523
1877,3074,2875,0.2142857142857142
1878,3075,3353,0.11904761904761896
1879,3076,3339,0.023809523809523725
1880,3077,3099,0.1428571428571428
1881,3078,3185,0.26190476190476186
1882,3083,3176,0.3095238095238094
1883,3084,3054,0.04761904761904756
1884,3087,3304,0.09523809523809523
1885,3088,3021,0.023809523809523725
1886,3090,3077,0.04761904761904756
1887,3091,2999,0.26190476190476186
1888,3092,3066,0.19047619047619035
1889,3093,3241,0.11904761904761896
1890,3095,3115,0.8571428571428571
1891,3096,3234,0.09523809523809523
1892,3097,3122,0.1428571428571428
1893,3098,3253,0.2142857142857142
1894,3100,3084,0.19047619047619035
1895,3101,3116,0.1428571428571428
1896,3102,3150,0.1428571428571428
1897,3103,3379,0.023809523809523725
1898,3104,3205,0.16666666666666652
1899,3106,3123,0.2142857142857142
1900,3107,3369,0.0
1901,3108,2910,0.023809523809523725
1902,3111,3318,0.09523809523809523
1903,3112,3266,0.23809523809523792
1904,3113,3297,0.4285714285714285
1905,3115,3354,0.2857142857142856
1906,3116,3011,0.16666666666666652
1907,3117,3227,0.04761904761904756
1908,3118,3228,0.09523809523809523
1909,3120,3198,0.0
1910,3123,3203,0.26190476190476186
1911,3124,3342,0.16666666666666652
1912,3125,2954,0.16666666666666652
1913,3126,3068,0.04761904761904756
1914,3127,3179,0.1428571428571428
1915,3129,3206,0.04761904761904756
1916,3130,2953,0.16666666666666652
1917,3134,3277,0.09523809523809523
1918,3138,3182,0.023809523809523725
1919,3139,3316,0.16666666666666652
1920,3141,3003,0.07142857142857129
1921,3145,3387,0.1428571428571428
1922,3147,3197,0.11904761904761896
1923,3149,3282,0.11904761904761896
1924,3150,3107,0.09523809523809523
1925,3153,3380,0.0
1926,3154,3329,0.2142857142857142
1927,3159,3030,0.023809523809523725
1928,3160,3169,0.09523809523809523
1929,3162,3120,0.19047619047619035
1930,3163,3306,0.1428571428571428
1931,3165,3187,0.2142857142857142
1932,3166,3256,0.40476190476190466
1933,3167,3164,0.09523809523809523
1934,3170,3199,0.16666666666666652
1935,3171,3104,0.3571428571428571
1936,3172,3087,0.2142857142857142
1937,3175,3264,0.04761904761904756
1938,3177,3049,0.19047619047619035
1939,3179,3259,0.04761904761904756
1940,3182,3224,0.04761904761904756
1941,3183,3260,0.023809523809523725
1942,3184,3065,0.023809523809523725
1943,3186,3038,0.38095238095238093
1944,3188,3363,0.16666666666666652
1945,3189,3235,0.26190476190476186
1946,3192,3492,0.09523809523809523
1947,3193,3351,0.5476190476190477
1948,3194,3053,0.6428571428571428
1949,3195,3190,0.023809523809523725
1950,3196,3184,0.023809523809523725
1951,3197,3390,0.07142857142857129
1952,3198,3303,0.11904761904761896
1953,3199,3177,0.09523809523809523
1954,3202,3270,0.07142857142857129
1955,3204,3500,0.07142857142857129
1956,3205,3395,0.07142857142857129
1957,3207,3422,0.2857142857142856
1958,3208,3121,0.11904761904761896
1959,3211,3209,0.023809523809523725
1960,3212,3189,0.33333333333333315
1961,3213,3417,0.07142857142857129
1962,3215,3080,0.16666666666666652
1963,3216,3139,0.09523809523809523
1964,3217,3281,0.023809523809523725
1965,3219,3157,0.09523809523809523
1966,3220,3059,0.3571428571428571
1967,3221,3181,0.3095238095238094
1968,3222,3239,0.07142857142857129
1969,3223,3212,0.04761904761904756
1970,3224,3338,0.04761904761904756
1971,3225,3346,0.38095238095238093
1972,3226,3247,0.3095238095238094
1973,3228,3067,0.04761904761904756
1974,3229,3324,0.2142857142857142
1975,3231,3350,0.11904761904761896
1976,3232,3204,0.2142857142857142
1977,3233,3287,0.1428571428571428
1978,3234,3083,0.33333333333333315
1979,3235,3155,0.023809523809523725
1980,3237,3231,0.33333333333333315
1981,3240,3389,0.19047619047619035
1982,3244,3233,0.07142857142857129
1983,3246,3497,0.1428571428571428
1984,3247,3278,0.023809523809523725
1985,3248,3360,0.11904761904761896
1986,3249,3242,0.07142857142857129
1987,3251,3413,0.26190476190476186
1988,3254,3323,0.38095238095238093
1989,3255,3118,0.023809523809523725
1990,3258,3294,0.19047619047619035
1991,3259,3296,0.23809523809523792
1992,3260,3211,0.3571428571428571
1993,3262,3510,0.09523809523809523
1994,3263,3295,0.19047619047619035
1995,3266,3406,0.11904761904761896
1996,3267,3374,0.2142857142857142
1997,3270,3293,0.40476190476190466
1998,3272,3174,0.3571428571428571
1999,3273,3232,0.19047619047619035
2000,3274,3439,0.09523809523809523
2001,3275,3307,0.07142857142857129
2002,3276,3367,0.1428571428571428
2003,3277,3420,0.04761904761904756
2004,3278,3428,0.26190476190476186
2005,3279,3331,0.16666666666666652
2006,3282,3236,0.11904761904761896
2007,3284,3248,0.023809523809523725
2008,3286,3434,0.09523809523809523
2009,3289,3215,0.5476190476190477
2010,3296,3147,0.04761904761904756
2011,3297,3368,0.38095238095238093
2012,3298,3337,0.09523809523809523
2013,3301,3382,0.16666666666666652
2014,3305,3378,0.26190476190476186
2015,3306,3418,0.40476190476190466
2016,3307,3320,0.7142857142857142
2017,3308,3321,0.16666666666666652
2018,3309,3472,0.23809523809523792
2019,3312,3210,0.07142857142857129
2020,3314,3388,0.09523809523809523
2021,3316,3410,0.11904761904761896
2022,3318,3129,0.2142857142857142
2023,3319,3486,0.16666666666666652
2024,3320,3186,0.2142857142857142
2025,3322,3127,0.16666666666666652
2026,3323,3258,0.04761904761904756
2027,3324,3245,0.11904761904761896
2028,3327,3225,0.19047619047619035
2029,3330,3352,0.023809523809523725
2030,3332,3250,0.04761904761904756
2031,3333,3479,0.2857142857142856
2032,3334,3275,0.4285714285714285
2033,3336,3581,0.16666666666666652
2034,3337,3443,0.0
2035,3338,3399,0.09523809523809523
2036,3339,3433,0.11904761904761896
2037,3341,3314,0.07142857142857129
2038,3342,3392,0.023809523809523725
2039,3343,3383,0.3095238095238094
2040,3344,3489,0.16666666666666652
2041,3348,3326,0.11904761904761896
2042,3351,3385,0.3095238095238094
2043,3352,3552,0.19047619047619035
2044,3354,3349,0.07142857142857129
2045,3356,3345,0.023809523809523725
2046,3358,3425,0.1428571428571428
2047,3360,3431,0.11904761904761896
2048,3362,3502,0.26190476190476186
2049,3363,3565,0.1428571428571428
2050,3364,3573,0.23809523809523792
2051,3367,3393,0.4285714285714285
2052,3368,3474,0.2142857142857142
2053,3370,3419,0.2857142857142856
2054,3373,3386,0.2857142857142856
2055,3375,3444,0.38095238095238093
2056,3376,3327,0.16666666666666652
2057,3377,3330,0.04761904761904756
2058,3378,3429,0.26190476190476186
2059,3380,3300,0.1428571428571428
2060,3381,3373,0.23809523809523792
2061,3382,3579,0.04761904761904756
2062,3385,3451,0.23809523809523792
2063,3386,3597,0.19047619047619035
2064,3387,3526,0.23809523809523792
2065,3388,3501,0.3095238095238094
2066,3389,3463,0.3095238095238094
2067,3394,3617,0.3571428571428571
2068,3395,3487,0.38095238095238093
2069,3396,3454,0.19047619047619035
2070,3397,3372,0.1428571428571428
2071,3401,3686,0.5714285714285714
2072,3402,3396,0.07142857142857129
2073,3403,3545,0.2142857142857142
2074,3406,3319,0.09523809523809523
2075,3407,3649,0.3095238095238094
2076,3408,3455,0.26190476190476186
2077,3409,3335,0.07142857142857129
2078,3412,3357,0.2857142857142856
2079,3415,3698,0.023809523809523725
2080,3416,3575,0.023809523809523725
2081,3419,3596,0.33333333333333315
2082,3420,3409,0.23809523809523792
2083,3421,3604,0.2857142857142856
2084,3422,3427,0.1428571428571428
2085,3425,3377,0.40476190476190466
2086,3427,3376,0.1428571428571428
2087,3428,3503,0.04761904761904756
2088,3429,3412,0.38095238095238093
2089,3431,3343,0.619047619047619
2090,3436,3512,0.07142857142857129
2091,3437,3536,0.33333333333333315
2092,3439,3456,0.04761904761904756
2093,3441,3561,0.19047619047619035
2094,3442,3569,0.3095238095238094
2095,3443,3524,0.2142857142857142
2096,3446,3568,0.16666666666666652
2097,3447,3483,0.2857142857142856
2098,3449,3559,0.26190476190476186
2099,3456,3449,0.09523809523809523
2100,3457,3578,0.5476190476190477
2101,3459,3549,0.1428571428571428
2102,3460,3544,0.11904761904761896
2103,3461,3665,0.2142857142857142
2104,3464,3538,0.11904761904761896
2105,3465,3405,0.04761904761904756
2106,3466,3700,0.3095238095238094
2107,3467,3574,0.23809523809523792
2108,3468,3485,0.1428571428571428
2109,3470,3637,0.2857142857142856
2110,3471,3516,0.3095238095238094
2111,3473,3634,0.26190476190476186
2112,3474,3414,0.04761904761904756
2113,3475,3491,0.19047619047619035
2114,3476,3375,0.19047619047619035
2115,3480,3514,0.2857142857142856
2116,3482,3407,0.16666666666666652
2117,3483,3507,0.04761904761904756
2118,3484,3336,0.09523809523809523
2119,3486,3588,0.3571428571428571
2120,3487,3397,0.04761904761904756
2121,3488,3622,0.023809523809523725
2122,3489,3598,0.11904761904761896
2123,3490,3572,0.19047619047619035
2124,3492,3484,0.26190476190476186
2125,3495,3725,0.4285714285714285
2126,3498,3394,0.23809523809523792
2127,3500,3660,0.33333333333333315
2128,3502,3611,0.47619047619047605
2129,3504,3445,0.23809523809523792
2130,3505,3468,0.33333333333333315
2131,3508,3542,0.1428571428571428
2132,3509,3533,0.2142857142857142
2133,3510,3602,0.09523809523809523
2134,3512,3506,0.07142857142857129
2135,3513,3435,0.1428571428571428
2136,3514,3681,0.26190476190476186
2137,3515,3639,0.16666666666666652
2138,3516,3734,0.11904761904761896
2139,3519,3582,0.09523809523809523
2140,3520,3748,0.023809523809523725
2141,3521,3576,0.38095238095238093
2142,3522,3595,0.16666666666666652
2143,3523,3790,0.16666666666666652
2144,3527,3525,0.23809523809523792
2145,3528,3583,0.4285714285714285
2146,3532,3564,0.04761904761904756
2147,3533,3476,0.38095238095238093
2148,3536,3601,0.023809523809523725
2149,3537,3631,0.023809523809523725
2150,3538,3616,0.11904761904761896
2151,3539,3688,0.23809523809523792
2152,3540,3678,0.11904761904761896
2153,3541,3731,0.09523809523809523
2154,3542,3765,0.23809523809523792
2155,3543,3607,0.2142857142857142
2156,3544,3562,0.09523809523809523
2157,3545,3644,0.23809523809523792
2158,3546,3654,0.3571428571428571
2159,3549,3650,0.09523809523809523
2160,3556,3626,0.11904761904761896
2161,3558,3470,0.2857142857142856
2162,3560,3540,0.26190476190476186
2163,3561,3539,0.2142857142857142
2164,3563,3632,0.33333333333333315
2165,3564,3768,0.16666666666666652
2166,3567,3571,0.38095238095238093
2167,3568,3462,0.11904761904761896
2168,3569,3679,0.23809523809523792
2169,3570,3773,0.33333333333333315
2170,3571,3661,0.09523809523809523
2171,3572,3754,0.07142857142857129
2172,3573,3753,0.04761904761904756
2173,3574,3436,0.11904761904761896
2174,3575,3605,0.23809523809523792
2175,3577,3783,0.2142857142857142
2176,3578,3742,0.2857142857142856
2177,3580,3566,0.04761904761904756
2178,3581,3655,0.19047619047619035
2179,3583,3432,0.19047619047619035
2180,3585,3723,0.04761904761904756
2181,3586,3563,0.07142857142857129
2182,3588,3589,0.26190476190476186
2183,3589,3554,0.04761904761904756
2184,3590,3809,0.19047619047619035
2185,3592,3691,0.3095238095238094
2186,3594,3623,0.26190476190476186
2187,3598,3535,0.1428571428571428
2188,3600,3508,0.3571428571428571
2189,3601,3615,0.16666666666666652
2190,3602,3608,0.3095238095238094
2191,3603,3738,0.04761904761904756
2192,3607,3772,0.2857142857142856
2193,3612,3532,0.16666666666666652
2194,3613,3548,0.26190476190476186
2195,3614,3709,0.16666666666666652
2196,3616,3795,0.09523809523809523
2197,3619,3741,0.4285714285714285
2198,3623,3494,0.11904761904761896
2199,3625,3756,0.19047619047619035
2200,3626,3680,0.3571428571428571
2201,3627,3683,0.023809523809523725
2202,3629,3699,0.16666666666666652
2203,3630,3704,0.33333333333333315
2204,3631,3664,0.09523809523809523
2205,3632,3801,0.16666666666666652
2206,3633,3636,0.45238095238095233
2207,3634,3513,0.2142857142857142
2208,3635,3706,0.16666666666666652
2209,3636,3866,0.2142857142857142
2210,3638,3519,0.1428571428571428
2211,3639,3651,0.3095238095238094
2212,3641,3667,0.19047619047619035
2213,3645,3832,0.2857142857142856
2214,3646,3674,0.23809523809523792
2215,3648,3767,0.23809523809523792
2216,3649,3600,0.33333333333333315
2217,3650,3701,0.26190476190476186
2218,3651,3730,0.23809523809523792
2219,3654,3739,0.19047619047619035
2220,3655,3666,0.2857142857142856
2221,3657,3766,0.19047619047619035
2222,3658,3792,0.26190476190476186
2223,3659,3776,0.26190476190476186
2224,3660,3590,1.4761904761904763
2225,3661,3652,0.19047619047619035
2226,3664,3702,0.09523809523809523
2227,3665,3798,0.1428571428571428
2228,3666,3551,0.09523809523809523
2229,3668,3743,0.023809523809523725
2230,3669,3695,0.26190476190476186
2231,3671,3656,0.04761904761904756
2232,3672,3676,0.16666666666666652
2233,3673,3541,0.11904761904761896
2234,3674,3821,0.47619047619047605
2235,3676,3585,0.19047619047619035
2236,3677,3837,0.11904761904761896
2237,3678,3872,0.09523809523809523
2238,3679,3641,0.40476190476190466
2239,3683,3677,0.23809523809523792
2240,3686,3670,0.3095238095238094
2241,3687,3805,0.23809523809523792
2242,3689,3697,0.07142857142857129
2243,3691,3612,0.09523809523809523
2244,3692,3789,0.19047619047619035
2245,3693,3635,0.26190476190476186
2246,3694,3715,0.09523809523809523
2247,3695,3724,0.26190476190476186
2248,3696,3771,0.1428571428571428
2249,3697,3711,0.19047619047619035
2250,3698,3718,0.16666666666666652
2251,3699,3662,0.11904761904761896
2252,3702,3794,0.2142857142857142
2253,3704,3763,0.19047619047619035
2254,3706,3584,0.3095238095238094
2255,3707,3653,0.23809523809523792
2256,3709,3807,0.23809523809523792
2257,3710,3820,0.16666666666666652
2258,3713,3870,0.33333333333333315
2259,3714,3780,0.19047619047619035
2260,3715,3744,0.23809523809523792
2261,3716,3814,0.5238095238095237
2262,3717,3710,0.09523809523809523
2263,3718,3621,0.11904761904761896
2264,3719,3799,0.26190476190476186
2265,3723,3643,0.3095238095238094
2266,3724,3854,0.04761904761904756
2267,3725,3713,0.11904761904761896
2268,3726,3736,0.1428571428571428
2269,3727,3647,0.16666666666666652
2270,3728,3828,0.3571428571428571
2271,3730,3813,0.23809523809523792
2272,3731,3729,0.04761904761904756
2273,3733,3868,0.11904761904761896
2274,3734,3746,0.09523809523809523
2275,3735,3782,0.23809523809523792
2276,3736,3638,0.19047619047619035
2277,3740,3781,0.16666666666666652
2278,3742,3727,0.2142857142857142
2279,3743,3845,0.26190476190476186
2280,3744,3811,0.16666666666666652
2281,3746,3791,0.07142857142857129
2282,3747,3850,0.2857142857142856
2283,3749,3784,0.19047619047619035
2284,3750,3905,0.26190476190476186
2285,3753,3859,0.2142857142857142
2286,3755,3685,0.11904761904761896
2287,3756,3824,0.45238095238095233
2288,3763,3788,0.23809523809523792
2289,3765,3933,0.09523809523809523
2290,3767,3891,0.23809523809523792
2291,3768,3740,0.07142857142857129
2292,3769,3717,0.023809523809523725
2293,3770,3887,0.23809523809523792
2294,3771,3779,0.23809523809523792
2295,3772,3687,0.3095238095238094
2296,3773,3819,0.2142857142857142
2297,3775,3726,0.16666666666666652
2298,3779,3841,0.11904761904761896
2299,3780,3867,0.26190476190476186
2300,3781,4536,0.5238095238095237
2301,3784,3733,0.26190476190476186
2302,3785,3916,0.19047619047619035
2303,3786,3864,0.09523809523809523
2304,3787,3877,0.09523809523809523
2305,3789,3752,0.23809523809523792
2306,3793,3826,0.11904761904761896
2307,3794,3876,0.04761904761904756
2308,3795,3844,0.1428571428571428
2309,3798,3758,0.1428571428571428
2310,3800,3919,0.3571428571428571
2311,3801,3764,0.5238095238095237
2312,3802,3885,0.04761904761904756
2313,3803,3777,0.38095238095238093
2314,3804,3884,0.23809523809523792
2315,3805,3817,0.11904761904761896
2316,3809,3840,0.16666666666666652
2317,3811,3846,0.2857142857142856
2318,3812,3895,0.11904761904761896
2319,3813,3883,0.2857142857142856
2320,3816,3878,0.1428571428571428
2321,3817,3849,0.2142857142857142
2322,3824,3946,0.11904761904761896
2323,3826,3899,0.19047619047619035
2324,3827,3894,0.19047619047619035
2325,3828,3732,0.09523809523809523
2326,3831,3888,0.2142857142857142
2327,3832,3852,0.2857142857142856
2328,3833,3912,0.04761904761904756
2329,3834,3815,0.19047619047619035
2330,3835,3908,0.023809523809523725
2331,3836,3901,0.04761904761904756
2332,3837,3874,0.1428571428571428
2333,3838,3909,0.09523809523809523
2334,3839,3940,0.16666666666666652
2335,3841,3935,0.23809523809523792
2336,3842,3890,0.023809523809523725
2337,3844,3915,0.5476190476190477
2338,3845,3938,0.023809523809523725
2339,3846,3879,0.47619047619047605
2340,3847,3902,0.04761904761904756
2341,3849,3921,0.0
2342,3851,3836,0.04761904761904756
2343,3853,3882,0.09523809523809523
2344,3855,3927,0.2142857142857142
2345,3859,3914,0.0
2346,3862,3924,0.07142857142857129
2347,3863,3969,0.0
2348,3864,3942,0.04761904761904756
2349,3867,3863,0.16666666666666652
2350,3870,3943,0.04761904761904756
2351,3871,3953,0.04761904761904756
2352,3872,4537,0.6904761904761905
2353,3876,3904,0.26190476190476186
2354,3879,3829,0.5238095238095237
2355,3881,3944,0.07142857142857129
2356,3883,3848,0.11904761904761896
2357,3884,3936,0.1428571428571428
2358,3885,3918,0.16666666666666652
2359,3890,3982,0.07142857142857129
2360,3891,3955,0.16666666666666652
2361,3893,3965,0.4285714285714285
2362,3895,3967,0.6428571428571428
2363,3897,3973,0.3095238095238094
2364,3902,3978,0.19047619047619035
2365,3909,3961,0.023809523809523725
2366,3911,3970,0.2142857142857142
2367,3913,3945,0.09523809523809523
2368,3914,3983,0.2142857142857142
2369,3916,3976,0.11904761904761896
2370,3917,3992,0.7142857142857142
2371,3920,4017,0.11904761904761896
2372,3922,4001,0.2142857142857142
2373,3923,3996,0.23809523809523792
2374,3927,4004,0.5238095238095237
2375,3933,3972,0.45238095238095233
2376,3939,3993,0.023809523809523725
2377,3940,4034,0.09523809523809523
2378,3941,4021,0.11904761904761896
2379,3942,3991,0.2857142857142856
2380,3943,4000,0.07142857142857129
2381,3945,4009,0.8571428571428571
2382,3947,4042,0.3095238095238094
2383,3949,4026,0.8571428571428571
2384,3951,4020,0.16666666666666652
2385,3953,4011,0.07142857142857129
2386,3954,4030,0.4285714285714285
2387,3956,4023,0.8809523809523809
2388,3960,4037,0.2142857142857142
2389,3962,4038,0.6666666666666665
2390,3964,4048,1.2380952380952381
2391,3967,4043,0.1428571428571428
2392,3969,4051,1.3095238095238095
2393,3972,4046,1.119047619047619
2394,3975,4047,0.11904761904761896
2395,3978,4044,0.16666666666666652
2396,3984,4082,0.5476190476190477
2397,3995,4065,0.16666666666666652
2398,3999,4069,0.19047619047619035
2399,4000,4067,0.4285714285714285
2400,4003,4079,0.16666666666666652
2401,4007,4066,0.19047619047619035
2402,4017,4110,0.16666666666666652
2403,4019,4088,0.19047619047619035
2404,4021,4118,0.38095238095238093
2405,4022,4064,0.2142857142857142
2406,4024,4116,0.3571428571428571
2407,4026,4112,0.33333333333333315
2408,4027,4114,0.5714285714285714
2409,4028,4123,0.23809523809523792
2410,4029,4103,0.3095238095238094
2411,4031,4093,0.5238095238095237
2412,4033,4124,0.16666666666666652
2413,4034,4121,0.023809523809523725
2414,4036,4091,0.2142857142857142
2415,4039,4111,0.47619047619047605
2416,4045,4148,0.4999999999999999
2417,4048,4146,0.33333333333333315
2418,4052,4122,0.2142857142857142
2419,4054,4117,0.40476190476190466
2420,4058,4139,0.11904761904761896
2421,4062,4132,0.1428571428571428
2422,4067,4185,0.5952380952380951
2423,4069,4158,0.738095238095238
2424,4070,4174,0.47619047619047605
2425,4074,4167,0.07142857142857129
2426,4092,4157,0.5238095238095237
2427,4099,4172,0.40476190476190466
2428,4104,4184,0.19047619047619035
2429,4105,4211,0.16666666666666652
2430,4106,4545,0.3571428571428571
2431,4108,4180,0.33333333333333315
2432,4109,4173,0.3571428571428571
2433,4114,4188,0.5714285714285714
2434,4115,4190,0.47619047619047605
2435,4121,4200,0.47619047619047605
2436,4126,4209,0.5238095238095237
2437,4128,4210,0.1428571428571428
2438,4133,4218,0.19047619047619035
2439,4138,4238,0.09523809523809523
2440,4144,4546,0.619047619047619
2441,4153,2,0.23809523809523792
2442,4155,4221,0.07142857142857129
2443,4160,4243,0.2142857142857142
2444,4171,4240,0.19047619047619035
2445,4187,4258,0.738095238095238
2446,4189,4264,0.5714285714285714
2447,4192,4274,0.23809523809523792
2448,4205,4271,0.16666666666666652
2449,4209,4279,0.19047619047619035
2450,4216,4281,0.9523809523809523
2451,4219,4265,0.16666666666666652
2452,4228,4288,0.23809523809523792
2453,4244,4302,0.5952380952380951
2454,4245,4301,1.0714285714285714
2455,4256,4309,0.6904761904761905
2456,4259,4344,0.1428571428571428
2457,4267,4300,0.5238095238095237
2458,4271,4318,0.04761904761904756
2459,4275,4325,0.023809523809523725
2460,4282,4311,0.19047619047619035
2461,4284,4320,0.8095238095238095
2462,4285,4332,0.16666666666666652
2463,4293,4350,0.16666666666666652
2464,4298,4330,0.38095238095238093
2465,4299,4550,0.0
2466,4300,4321,0.04761904761904756
2467,4301,4353,0.5476190476190477
2468,4304,4369,0.04761904761904756
2469,4310,4351,0.8333333333333333
2470,4311,4331,0.1428571428571428
2471,4315,4355,0.11904761904761896
2472,4318,4357,0.09523809523809523
2473,4323,4337,0.16666666666666652
2474,4324,4381,0.04761904761904756
2475,4331,4348,0.07142857142857129
2476,4334,4383,0.33333333333333315
2477,4348,4379,0.09523809523809523
2478,4355,4393,0.04761904761904756
2479,4362,4421,0.3095238095238094
2480,4366,4404,0.3571428571428571
2481,4372,4405,0.2857142857142856
2482,4396,4439,0.023809523809523725
2483,4397,4436,0.5476190476190477
2484,4404,4440,0.26190476190476186
2485,4415,4470,0.16666666666666652
2486,4416,4461,0.023809523809523725
2487,4421,4462,0.07142857142857129
2488,4425,4467,0.4285714285714285
2489,4427,4447,0.11904761904761896
2490,4433,4459,0.16666666666666652
2491,4437,4469,0.09523809523809523
2492,4446,4493,0.47619047619047605
2493,4448,4484,0.26190476190476186
2494,4453,4478,0.19047619047619035
2495,4455,4479,0.023809523809523725
2496,4466,4490,0.3095238095238094
2497,4469,4488,0.0
2498,4472,4491,0.07142857142857129
2499,4473,4563,0.11904761904761896
2500,4475,4504,0.5714285714285714
2501,4498,294,0.19047619047619035
2502,4503,3416,0.23809523809523792
2503,4508,4154,0.023809523809523725
